internal_sku,row,group,description,unit
DOOR-001,1,Doors,"36'' x 80"" Door Blank with 8” Kick Plate (White/Bronze)",pcs
DOOR-002,2,Doors,"36'' x 80"" Door Blank with 14” Kick Plate (White/Bronze)",pcs
DOOR-003,3,Doors,"36'' x 80"" Door Blank with 16” Kick Plate (White/Bronze)",pcs
DOOR-004,4,Doors,"36'' x 80"" Door Blank with 24” Kick Plate (White/Bronze)",pcs
DOOR-005,5,Doors,"36'' x 80"" Door Blank with 36” Kick Plate (White/Bronze)",pcs
DOOR-006,6,Doors,"36” x 96"" Door Blank with 8” Kick Plate (White/Bronze)",pcs
DOOR-007,7,Doors,"40” x 80"" Door Blank with 8” Kick Plate (White/Bronze)",pcs
DOOR-008,8,Doors,"40” x 96"" Door Blank with 8” Kick Plate (White/Bronze)",pcs
DOOR-009,9,Doors,"42” x 80"" Door Blank with 8” Kick Plate (White/Bronze)",pcs
DOOR-010,10,Doors,"42” x 80"" Door Blank with 14” Kick Plate (White/Bronze)",pcs
DOOR-011,11,Doors,42” x 96” Door Blank with 8” Kick Plate (White/Bronze),pcs
DOOR-012,12,Doors,"48” x 80"" Door Blank with 14” Kick Plate (White/Bronze)",pcs
DOOR-013,13,Doors,"48” x 96"" Door Blank with 14” Kick Plate (White/Bronze)",pcs
DOOR-014,14,Doors,Z-Bar x 17' (White/Bronze),pcs
DOOR-015,15,Doors,Adjustable Z-Bar x 17',pcs
DOOR-016,16,Doors,Hinges (White/Bronze),pcs
DOOR-017,17,Doors,"Bugsweep 36""",pcs
DOOR-018,18,Doors,"Bugsweep 40""",pcs
DOOR-019,19,Doors,"Bugsweep 42""",pcs
DOOR-020,20,Doors,"Bugsweep 48""",pcs
DOOR-021,21,Doors,Eliminator Door Hardware Kit (White/Bronze),pcs
DOOR-022,22,Doors,"Complect 8"" KP DOOR, ADJ-Z,CLOS KIT",compl
DOOR-023,23,Doors,Pet Door S (White/Bronze),pcs
DOOR-024,24,Doors,Pet Door M (White/Bronze),pcs
DOOR-025,25,Doors,Pet Door L (White/Bronze),pcs
DOOR-026,26,Doors,Pet Door XL (White/Bronze),pcs
GUTR-001,27,Gutter,5” Super Gutter x 24' (White/Bronze),pcs
GUTR-002,28,Gutter,5” Super Gutter x 30' (White/Bronze),pcs
GUTR-003,29,Gutter,5” Super Gutter x 36' (Bronze),pcs
GUTR-004,30,Gutter,5” Super Gutter x 38' (White/Bronze),pcs
GUTR-005,31,Gutter,5” Super Gutter x 40' (White/Bronze),pcs
GUTR-006,32,Gutter,7” Super Gutter x 24' (White/Bronze),pcs
GUTR-007,33,Gutter,7” Super Gutter x 30' (White/Bronze),pcs
GUTR-008,34,Gutter,7” Super Gutter x 36' (White/Bronze),pcs
GUTR-009,35,Gutter,7” Super Gutter x 38' (White/Bronze),pcs
GUTR-010,36,Gutter,7” Super Gutter x 39' (White/Bronze),pcs
GUTR-011,37,Gutter,7” Super Gutter x 40' (White/Bronze),pcs
GUTR-012,38,Gutter,"Super Gutter End Cap 5"" (White/Bronze)",pcs
GUTR-013,39,Gutter,"Super Gutter End Cap 7"" (White/Bronze)",pcs
GUTR-014,40,Gutter,3 x .045 Extruded Header x 24' (White/Bronze),pcs
GUTR-015,41,Gutter,3 x .045 Extruded Header x 30' (White/Bronze),pcs
GUTR-016,42,Gutter,Extruded T-Gutter x 24’  (White/Bronze),pcs
GUTR-017,43,Gutter,5-1/2” Extruded T-Fascia x 27’ (White/Bronze),pcs
GUTR-018,44,Gutter,E-Fascia x 24’ (White),pcs
GUTR-019,45,Gutter,E-Fascia x 25’ (White),pcs
GUTR-020,46,Gutter,E-Fascia x 27’ (White/Bronze),pcs
GUTR-021,47,Gutter,E-Fascia x 30’ (White),pcs
GUTR-022,48,Gutter,E-Gutter x 24' (White/Bronze),pcs
GUTR-023,49,Gutter,E-Gutter x 27' (White),pcs
GUTR-024,50,Gutter,E-Gutter x 30' (White/Bronze),pcs
GUTR-025,51,Gutter,Rain Carrying Accessories 3” x 4” Downpipe x 8' (White/Bronze),pcs
GUTR-026,52,Gutter,Rain Carrying Accessories 3” x 4” Downpipe x 10' (White/Bronze),pcs
GUTR-027,53,Gutter,Rain Carrying Accessories (3 x 4 B Elbow) (White/Bronze),pcs
GUTR-028,54,Gutter,Rain Carrying Accessories (3 x 4 A Elbow) (White/Bronze),pcs
GUTR-029,55,Gutter,Rain Carrying Accessories (3 x 4 Drop Outlet; Mill Finish),pcs
CAUL-001,56,Caulk,Solar Seal White,pcs
CAUL-002,57,Caulk,Solar Seal Bronze,pcs
PROF-001,58,Profil,"1x.035 Picket 19'10""",pcs
PROF-002,59,Profil,1 x 2 Open Back x .040 min. x 24’ (White/Bronze),pcs
PROF-003,60,Profil,1 x 2 Open Back x .040 min. x 30’ (White/Bronze),pcs
PROF-004,61,Profil,1 x 3 Open Back x .040 min. x 24' (White/Bronze),pcs
PROF-005,62,Profil,1 x 3 Open Back x .040 min. x 30' (White/Bronze),pcs
PROF-006,63,Profil,2 x 2 x .045 Patio x 24’ (White/Bronze),pcs
PROF-007,64,Profil,2 x 2 x .045 Patio x 30' (White/Bronze),pcs
PROF-008,65,Profil,2 x 3 x .045 Patio x 24’ (White/Bronze),pcs
PROF-009,66,Profil,2 x 3 x .045 Patio x 30’ (White/Bronze),pcs
PROF-010,67,Profil,2 x 4 x .050 Patio x 24’ (White/Bronze),pcs
PROF-011,68,Profil,2 x 4 x .050 Patio x 30’ (White/Bronze),pcs
PROF-012,69,Profil,2 x 5 x .050 Patio x 24’ (White/Bronze),pcs
PROF-013,70,Profil,2 x 5 x .050 Patio x 30’ (White/Bronze),pcs
PROF-014,71,Profil,2” x 4” SMB x 22' (Bronze),pcs
PROF-015,72,Profil,2” x 4” SMB x 24' (White/Bronze),pcs
PROF-016,73,Profil,2” x 4” SMB x 26' (Bronze),pcs
PROF-017,74,Profil,2” x 4” SMB x 30' (White/Bronze),pcs
PROF-018,75,Profil,2” x 5” SMB x 24' (White/Bronze),pcs
PROF-019,76,Profil,2” x 5” SMB x 30' (White/Bronze),pcs
PROF-020,77,Profil,2” x 6” SMB x 20' (White/Bronze),pcs
PROF-021,78,Profil,2” x 6” SMB x 22' (White/Bronze),pcs
PROF-022,79,Profil,2” x 6” SMB x 24' (White/Bronze),pcs
PROF-023,80,Profil,2” x 6” SMB x 26' (White/Bronze),pcs
PROF-024,81,Profil,2” x 6” SMB x 28' (White/Bronze),pcs
PROF-025,82,Profil,2” x 6” SMB x 30' (White/Bronze),pcs
PROF-026,83,Profil,2” x 7” SMB x 20' (White/Bronze),pcs
PROF-027,84,Profil,2” x 7” SMB x 22' (White/Bronze),pcs
PROF-028,85,Profil,2” x 7” SMB x 24' (White/Bronze),pcs
PROF-029,86,Profil,2” x 7” SMB x 30' (White/Bronze),pcs
PROF-030,87,Profil,2” x 7” SMB x 32' (White/Bronze),pcs
PROF-031,88,Profil,2” x 8” SMB x 20' (White/Bronze),pcs
PROF-032,89,Profil,2” x 8” SMB x 22' (White/Bronze),pcs
PROF-033,90,Profil,2” x 8” SMB x 24' (White/Bronze),pcs
PROF-034,91,Profil,2” x 8” SMB x 28' (White/Bronze),pcs
PROF-035,92,Profil,2” x 8” SMB x 30' (White/Bronze),pcs
PROF-036,93,Profil,2” x 8” SMB x 32' (White/Bronze),pcs
PROF-037,94,Profil,2” x 8” SMB x 36' (White/Bronze),pcs
PROF-038,95,Profil,2” x 8” SMB x 40' (White/Bronze),pcs
PROF-039,96,Profil,2” x 9” SMB x 22' (White/Bronze),pcs
PROF-040,97,Profil,2” x 9” SMB x 24' (White/Bronze),pcs
PROF-041,98,Profil,2” x 9” SMB x 26' (White/Bronze),pcs
PROF-042,99,Profil,2” x 9” SMB x 28' (White/Bronze),pcs
PROF-043,100,Profil,2” x 9” SMB x 30' (White/Bronze),pcs
PROF-044,101,Profil,2” x 9” SMB x 32' (White/Bronze),pcs
PROF-045,102,Profil,2” x 9” SMB x 36' (White/Bronze),pcs
PROF-046,103,Profil,2” x 9” SMB x 40' (White/Bronze),pcs
PROF-047,104,Profil,2” x 10” SMB x 24' (White/Bronze),pcs
PROF-048,105,Profil,2” x 10” SMB x 26' (White/Bronze),pcs
PROF-049,106,Profil,2” x 10” SMB x 28' (White/Bronze),pcs
PROF-050,107,Profil,2” x 10” SMB x 30' (White/Bronze),pcs
PROF-051,108,Profil,2” x 10” SMB x 32' (White/Bronze) ,pcs
PROF-052,109,Profil,2” x 10” SMB x 36' (White/Bronze),pcs
PROF-053,110,Profil,2” x 10” SMB x 40' (White/Bronze) ,pcs
PROF-054,111,Profil,3 x 3 Eve Rail  x 24' (White/Bronze),pcs
PROF-055,112,Profil,3 x 3 Eve Rail  x 30' (White/Bronze),pcs
PROF-056,113,Profil,4 x .125 Square Tube x 24' (White/Bronze) ,pcs
PROF-057,114,Profil,4 x .125 Square Tube x 30' (White/Bronze) ,pcs
PROF-058,115,Profil,4 x .125 Square Tube x 24' (White/Bronze) With Spline Groove,pcs
PROF-059,116,Profil,4 x .125 Square Tube x 30' (White/Bronze) With Spline Groove,pcs
PROF-060,117,Profil,6 x .125 Square Tube x 24' (White/Bronze) ,pcs
PROF-061,118,Profil,6 x .125 Square Tube x 30' (White/Bronze) ,pcs
PROF-062,119,Profil,6 x .125 Square Tube x 24' (White/Bronze) With Spline Groove,pcs
PROF-063,120,Profil,6 x .125 Square Tube x 30' (White/Bronze) With Spline Groove,pcs
PROF-064,121,Profil,8 x .148 Square Tube x 10' Bronze,pcs
PROF-065,122,Profil,8 x .148 Square Tube x 12' Bronze,pcs
PROF-066,123,Profil,8 x .148 Square Tube x 15' Bronze,pcs
PROF-067,124,Profil,8 x .148 Square Tube x 20' Bronze,pcs
PROF-068,125,Profil,8 x .148 Square Tube x 24' Bronze,pcs
MESH-001,126,Mesh,.310 Flat Spline x 1000’,pcs
MESH-002,127,Mesh,.315 Flat Spline x 1000’,pcs
MESH-003,128,Mesh,.325 Flat Spline x 1000’,pcs
MESH-004,129,Mesh,.290 Flat Spline x 1000’ (For Pet Screen),pcs
MESH-005,130,Mesh,.285 Flat Spline x 1000’,pcs
MESH-006,131,Mesh,"18/14 Regular x 100’ Rolls x 36""",roll
MESH-007,132,Mesh,"18/14 Regular x 100’ Rolls x 42""",roll
MESH-008,133,Mesh,"18/14 Regular x 100’ Rolls x 48""",roll
MESH-009,134,Mesh,"18/14 Regular x 100’ Rolls x 60""",roll
MESH-010,135,Mesh,"18/14 Regular x 100’ Rolls x 66""",roll
MESH-011,136,Mesh,"18/14 Regular x 100’ Rolls x 72""",roll
MESH-012,137,Mesh,"18/14 Regular x 100’ Rolls x 78""",roll
MESH-013,138,Mesh,"18/14 Regular x 100’ Rolls x 84""",roll
MESH-014,139,Mesh,"18/14 Regular x 100’ Rolls x 90""",roll
MESH-015,140,Mesh,"18/14 Regular x 100’ Rolls x 96""",roll
MESH-016,141,Mesh,"18/14 Regular x 100’ Rolls x 102""",roll
MESH-017,142,Mesh,"18/14 Regular x 100’ Rolls x 108""",roll
MESH-018,143,Mesh,"18/14 Regular x 100’ Rolls x 120""",roll
MESH-019,144,Mesh,"18/14 Regular x 100’ Rolls x 132""",roll
MESH-020,145,Mesh,"20/20 No See Um x 100’ Rolls x 36""",roll
MESH-021,146,Mesh,"20/20 No See Um x 100’ Rolls x 72""",roll
MESH-022,147,Mesh,"20/20 No See Um x 100’ Rolls x 78""",roll
MESH-023,148,Mesh,"20/20 No See Um x 100’ Rolls x 84""",roll
MESH-024,149,Mesh,"20/20 No See Um x 100’ Rolls x 96""",roll
MESH-025,150,Mesh,"20/20 No See Um x 100’ Rolls x 108""",roll
MESH-026,151,Mesh,"20/20 No See Um x 100’ Rolls x 120""",roll
MESH-027,152,Mesh,"20/20 No See Um x 100’ Rolls x 132""",roll
MESH-028,153,Mesh,"17/20 Super Screen x 100’ Rolls x 60""",roll
MESH-029,154,Mesh,"17/20 Super Screen x 100’ Rolls x 72""",roll
MESH-030,155,Mesh,"17/20 Super Screen x 100’ Rolls x 84""",roll
MESH-031,156,Mesh,"17/20 Super Screen x 100’ Rolls x 96""",roll
MESH-032,157,Mesh,"17/20 Super Screen x 100’ Rolls x 108""",roll
MESH-033,158,Mesh,"17/20 Super Screen x 100’ Rolls x 120""",roll
MESH-034,159,Mesh,"17/20 Super Screen x 100’ Rolls x 132""",roll
MESH-035,160,Mesh,"17/20 Super Screen x 100’ Rolls x 144""",roll
MESH-036,161,Mesh,"17/20 Super Screen x 100’ Rolls x 156""",roll
MESH-037,162,Mesh,"17/20 Super Screen x 100’ Rolls x 160""",roll
MESH-038,163,Mesh,"16/14 Super Screen x 100’ Rolls x 36""",roll
MESH-039,164,Mesh,"16/14 Super Screen x 100’ Rolls x 60""",roll
MESH-040,165,Mesh,"16/14 Super Screen x 100’ Rolls x 72""",roll
MESH-041,166,Mesh,"16/14 Super Screen x 100’ Rolls x 84""",roll
MESH-042,167,Mesh,"16/14 Super Screen x 100’ Rolls x 96""",roll
MESH-043,168,Mesh,"16/14 Super Screen x 100’ Rolls x 108""",roll
MESH-044,169,Mesh,"16/14 Super Screen x 100’ Rolls x 120""",roll
MESH-045,170,Mesh,"16/14 Super Screen x 100’ Rolls x 132""",roll
MESH-046,171,Mesh,"16/14 Super Screen x 100’ Rolls x 144""",roll
MESH-047,172,Mesh,"16/14 Super Screen x 100’ Rolls x 156""",roll
MESH-048,173,Mesh,"16/14 Super Screen x 100’ Rolls x 160""",roll
MESH-049,174,Mesh,"Charcoal Sunscreen x 100’ Rolls x 72""",roll
MESH-050,175,Mesh,"Charcoal Sunscreen x 100’ Rolls x 84""",roll
MESH-051,176,Mesh,"Charcoal Sunscreen x 100’ Rolls x 96""",roll
MESH-052,177,Mesh,"14/10 Pet Screen x 100’ Rolls x 36""",roll
MESH-053,178,Mesh,"14/10 Pet Screen x 100’ Rolls x 48""",roll
MESH-054,179,Mesh,"14/10 Pet Screen x 100’ Rolls x 72""",roll
MESH-055,180,Mesh,"14/10 Pet Screen x 100’ Rolls x 84""",roll
MESH-056,181,Mesh,"Florida Glass Screen 100’ Rolls x 36""",roll
MESH-057,182,Mesh,"Florida Glass Screen 100’ Rolls x 72""",roll
CONN-001,183,Connectors,Cable with Triangle Bracket  x 12’ (White/Bronze),pcs
CONN-002,184,Connectors,Cable with Triangle Bracket  x 13’ (White/Bronze),pcs
CONN-003,185,Connectors,Cable with Triangle Bracket  x 14’ (White/Bronze),pcs
CONN-004,186,Connectors,Cable with Triangle Bracket  x 15’ (White/Bronze),pcs
CONN-005,187,Connectors,Cable with Triangle Bracket  x 16’ (White/Bronze),pcs
CONN-006,188,Connectors,Cable with Triangle Bracket  x 18’ (White/Bronze),pcs
CONN-007,189,Connectors,Cable with Triangle Bracket  x 20’ (White/Bronze),pcs
CONN-008,190,Connectors,Cable with Triangle Bracket  x 22’ (White/Bronze),pcs
CONN-009,191,Connectors,Cable with Triangle Bracket  x 26’ (White/Bronze),pcs
CONN-010,192,Connectors,Triangle Brackets,pcs
CONN-011,193,Connectors,Touch Up Paint (White/Bronze),pcs
CONN-012,194,Connectors,1-1/2” x 2-1/8” Receiving Channel x 20’,pcs
CONN-013,195,Connectors,1-1/2” x 2-1/8” Receiving Channel x 24’,pcs
CONN-014,196,Connectors,Angle 3/4 x 3/4 x 1/16 20',pcs
CONN-015,197,Connectors,Angle 1x1x .062 20',pcs
CONN-016,198,Connectors,Angle 1x2x .062 20',pcs
CONN-017,199,Connectors,Angle 1x3x .062 20',pcs
CONN-018,200,Connectors,Angle 2x2x .093 20',pcs
CONN-019,201,Connectors,Angle 2 X 2 X .094 X 20',pcs
CONN-020,202,Connectors,.125 Gusset Plate 12” x 120”,pcs
CONN-021,203,Connectors,.125 Gusset Plate 12” x 144”,pcs
CONN-022,204,Connectors,.125 Gusset Plate 16” x 120”,pcs
CONN-023,205,Connectors,.125 Gusset Plate 16” x 144”,pcs
CONN-024,206,Connectors,.190 Gusset Plate 16” x 144”,pcs
CONN-025,207,Connectors,.187 Gusset Plate 5052-H32 Mill Finish  16” x 120” ,pcs
CONN-026,208,Connectors,.187 Gusset Plate 5052-H32 Mill Finish  20” x 144’,pcs
CONN-027,209,Connectors,.187 Gusset Plate 5052-H32 Mill Finish  16” x 144’,pcs
CONN-028,210,Connectors,.024 x 16” Kick Plate Coil Rolls x 25' (White/Bronze),pcs
CONN-029,211,Connectors,.024 x 16” Kick Plate Coil Rolls x 50' (White/Bronze),pcs
CONN-030,212,Connectors,.024 x 16” Kick Plate Coil Rolls (White/Bronze),ft
CONN-031,213,Connectors,.024 x 24” Kick Plate Coil Rolls x 25' (White/Bronze),pcs
CONN-032,214,Connectors,.024 x 24” Kick Plate Coil Rolls x 50' (White/Bronze),pcs
CONN-033,215,Connectors,.024 x 24” Kick Plate Coil Rolls (White/Bronze),ft
CONN-034,216,Connectors,.024 x 36” Kick Plate Coil Rolls x 25' (White/Bronze),pcs
CONN-035,217,Connectors,.024 x 36” Kick Plate Coil Rolls x 50' (White/Bronze),pcs
CONN-036,218,Connectors,.024 x 36” Kick Plate Coil Rolls (White/Bronze),ft
CONN-037,219,Connectors,Extruded Kick Plate Channel x 12’ (White/Bronze),pcs
CONN-038,220,Connectors,3” x 33’ Peel and Seal (White/Bronze),pcs
CONN-039,221,Connectors,4” x 33’ Peel and Seal (White/Bronze),pcs
CONN-040,222,Connectors,"6""x 33’ Peel and Seal (White/Bronze)",pcs
CONN-041,223,Connectors,4” x 50’ Peel and Seal (White/Bronze),pcs
CONN-042,224,Connectors,"INTERNAL 4"" POST BRACKET",
CONN-043,225,Connectors,"INTERNAL 4"" POST BRKT <SPL-GRV>",
CONN-044,226,Connectors,"INTERNAL 6"" POST BRKT <SPL-GRV>",
CONN-045,227,Connectors,3” Insert with 2” Legs,
CONN-046,228,Connectors,5” Insert with 2.75” Legs 6061-T6 (with holes),pcs
CONN-047,229,Connectors,6IN ULTRASCAPE NO EAR,
CONN-048,230,Connectors,7” Insert with 2.75” Legs 60601-T6 (with holes),pcs
ROOF-001,231,Roof panels,3” x 12” Roll Form Roof Pan (5 Rib) Self Mating,sq ft
ROOF-002,232,Roof panels,3”x.024 - 1lb Foam 9-24 ft,sq ft
ROOF-003,233,Roof panels,3”x.024 - 2lb Foam 9-24 ft,sq ft
ROOF-004,234,Roof panels,"3"" Panel WITHOUT Fan Beam (.024): 2' x 8' (White)",pcs
ROOF-005,235,Roof panels,"3"" Panel WITHOUT Fan Beam (.024): 4' x 8' (White)",pcs
ROOF-006,236,Roof panels,"3"" Panel WITH Fan Beam on Center (.024): 4' x 8' (White)",pcs
ROOF-007,237,Roof panels,"3"" Panel WITHOUT Fan Beam (.024): 2' x 9' (White)",pcs
ROOF-008,238,Roof panels,"3"" Panel WITHOUT Fan Beam (.024): 4' x 9' (White)",pcs
ROOF-009,239,Roof panels,"3"" Panel WITH Fan Beam on Center (.024): 4' x 9' (White)",pcs
ROOF-010,240,Roof panels,"3"" Panel WITHOUT Fan Beam (.024): 2' x 10' (White)",pcs
ROOF-011,241,Roof panels,"3"" Panel WITHOUT Fan Beam (.024): 4' x 10' (White)",pcs
ROOF-012,242,Roof panels,"3"" Panel WITH Fan Beam on Center (.024): 4' x 10' (White)",pcs
ROOF-013,243,Roof panels,"3"" Panel WITHOUT Fan Beam (.024): 2' x 11' (White)",pcs
ROOF-014,244,Roof panels,"3"" Panel WITHOUT Fan Beam (.024): 4' x 11' (White)",pcs
ROOF-015,245,Roof panels,"3"" Panel WITH Fan Beam on Center (.024): 4' x 11' (White)",pcs
ROOF-016,246,Roof panels,"3"" Panel WITHOUT Fan Beam (.024): 2' x 12' (White)",pcs
ROOF-017,247,Roof panels,"3"" Panel WITHOUT Fan Beam (.024): 4' x 12' (White)",pcs
ROOF-018,248,Roof panels,"3"" Panel WITH Fan Beam on Center (.024): 4' x 12' (White)",pcs
ROOF-019,249,Roof panels,"3"" Panel WITHOUT Fan Beam (.024): 2' x 13' (White)",pcs
ROOF-020,250,Roof panels,"3"" Panel WITHOUT Fan Beam (.024): 4' x 13' (White)",pcs
ROOF-021,251,Roof panels,"3"" Panel WITH Fan Beam on Center (.024): 4' x 13' (White)",pcs
ROOF-022,252,Roof panels,"3"" Panel WITHOUT Fan Beam (.024): 2' x 14' (White)",pcs
ROOF-023,253,Roof panels,"3"" Panel WITHOUT Fan Beam (.024): 4' x 14' (White)",pcs
ROOF-024,254,Roof panels,"3"" Panel WITH Fan Beam on Center (.024): 4' x 14' (White)",pcs
ROOF-025,255,Roof panels,"3"" Panel WITHOUT Fan Beam (.024): 2' x 15' (White)",pcs
ROOF-026,256,Roof panels,"3"" Panel WITHOUT Fan Beam (.024): 4' x 15' (White)",pcs
ROOF-027,257,Roof panels,"3"" Panel WITH Fan Beam on Center (.024): 4' x 15' (White)",pcs
ROOF-028,258,Roof panels,"3"" Panel WITHOUT Fan Beam (.024): 2' x 16' (White)",pcs
ROOF-029,259,Roof panels,"3"" Panel WITHOUT Fan Beam (.024): 4' x 16' (White)",pcs
ROOF-030,260,Roof panels,"3"" Panel WITH Fan Beam on Center (.024): 4' x 16' (White)",pcs
ROOF-031,261,Roof panels,3x.024 Elite Panel Lock 4'x8' till 16' White,sq ft
ROOF-032,262,Roof panels,3x.024 Elite Panel Lock 4'x8' till 16' White with F/B,sq ft
ROOF-033,263,Roof panels,3x.024 Elite Panel Lock 2'x8' till 16' White,sq ft
ROOF-034,264,Roof panels,"3"" Panel WITHOUT Fan Beam (.024): 9-24' (White)",sq ft
SCRW-001,265,Screws,"12 x 3/4"" Bronze/White Stainless steel",box/100 pcs
SCRW-002,266,Screws,"12 x 3/4"" Bronze/White Galvanized",box/100 pcs
SCRW-003,267,Screws,"12 X 3/4"" SELF DRILLINGS SCREW",box/100 pcs
SCRW-004,268,Screws,"10 x 3/4"" Bronze/White Stainless steel",box/100 pcs
SCRW-005,269,Screws,"10 x 3/4"" Bronze/White Galvanized",box/100 pcs
SCRW-006,270,Screws,10 X 3/4 TEK WHT CERAMIC,pcs
SCRW-007,271,Screws,"10 x 2"" Bronze/White Stainless steel",box/100 pcs
SCRW-008,272,Screws,"10 x 2"" Bronze/White Galvanized",box/100 pcs
SCRW-009,273,Screws,"10 X 2"" SHEET METAL SCREW WHIT",box/100 pcs
SCRW-010,274,Screws,"14 x 1"" Bronze/White Stainless steel",box/100 pcs
SCRW-011,275,Screws,"14 x 1"" Bronze/White Galvanized",box/100 pcs
SCRW-012,276,Screws,"14 x 2"" Bronze/White Stainless steel",box/100 pcs
SCRW-013,277,Screws,"14 x 2"" Bronze/White Galvanized",box/100 pcs
SCRW-014,278,Screws,"14 x 3"" Bronze/White Stainless steel",box/100 pcs
SCRW-015,279,Screws,"14 x 3"" Bronze/White Galvanized",box/100 pcs
SCRW-016,280,Screws,"1/4 X 2"" SELF DRILLING SCREWS",box/100 pcs
SCRW-017,281,Screws,"1/4 X 3"" SELF DRILLING SCREWS",box/100 pcs
SCRW-018,282,Screws,"Anchor 1/4x3"" Bronze/White Stainless steel",box/100 pcs
SCRW-019,283,Screws,"Anchor 1/4x3"" Bronze/White Galvanized",box/100 pcs
SCRW-020,284,Screws,"1/4"" X 3-1/4"" MAXISET TAPCON W",box/100 pcs
SCRW-021,285,Screws,"Anchor 1/4x4"" Bronze/White Stainless steel",box/100 pcs
SCRW-022,286,Screws,"Anchor 1/4x4"" Bronze/White Galvanized",box/100 pcs
SCRW-023,287,Screws,"1/4"" X 5"" MAXISET TAPCON WHITE",box/100 pcs
SCRW-024,288,Screws,"Anchor 1/4x5"" Bronze/White Stainless steel",box/100 pcs
SCRW-025,289,Screws,"Anchor 1/4x5"" Bronze/White Galvanized",box/100 pcs
SCRW-026,290,Screws,"Anchor 3/8x5"" Bronze/White Stainless steel",box/100 pcs
SCRW-027,291,Screws,"Anchor 3/8x5"" Bronze/White Galvanized",box/100 pcs
