row,description,supplier,price,raw_value,clean,note
1,"36'' x 80"" Door Blank with 8” Kick Plate (White/Bronze)",EMS,66.0,66,True,
1,"36'' x 80"" Door Blank with 8” Kick Plate (White/Bronze)",Lancing,49.71,49.71,True,
1,"36'' x 80"" Door Blank with 8” Kick Plate (White/Bronze)",JM Fasteners,49.5,49.5,True,
1,"36'' x 80"" Door Blank with 8” Kick Plate (White/Bronze)",Aluminum Distributors Int LLC,54.03,54.03,True,
1,"36'' x 80"" Door Blank with 8” Kick Plate (White/Bronze)",Florida Sales & Marketing,50.0,50,True,
1,"36'' x 80"" Door Blank with 8” Kick Plate (White/Bronze)",American Metals Supply,49.13,49.13,True,
2,"36'' x 80"" Door Blank with 14” Kick Plate (White/Bronze)",EMS,68.0,68,True,
2,"36'' x 80"" Door Blank with 14” Kick Plate (White/Bronze)",Aluminum Distributors Int LLC,60.0,60,True,
2,"36'' x 80"" Door Blank with 14” Kick Plate (White/Bronze)",Florida Sales & Marketing,59.95,59.95,True,
2,"36'' x 80"" Door Blank with 14” Kick Plate (White/Bronze)",American Metals Supply,52.82,52.82,True,
6,"36” x 96"" Door Blank with 8” Kick Plate (White/Bronze)",Florida Sales & Marketing,92.5,92.5,True,
7,"40” x 80"" Door Blank with 8” Kick Plate (White/Bronze)",Aluminum Distributors Int LLC,74.35,74.35,True,
7,"40” x 80"" Door Blank with 8” Kick Plate (White/Bronze)",Florida Sales & Marketing,89.5,89.5,True,
8,"40” x 96"" Door Blank with 8” Kick Plate (White/Bronze)",Florida Sales & Marketing,98.95,98.95,True,
9,"42” x 80"" Door Blank with 8” Kick Plate (White/Bronze)",EMS,118.0,118,True,
9,"42” x 80"" Door Blank with 8” Kick Plate (White/Bronze)",Aluminum Distributors Int LLC,89.29,89.29,True,
9,"42” x 80"" Door Blank with 8” Kick Plate (White/Bronze)",Florida Sales & Marketing,90.75,90.75,True,
9,"42” x 80"" Door Blank with 8” Kick Plate (White/Bronze)",American Metals Supply,81.79,81.79,True,
11,42” x 96” Door Blank with 8” Kick Plate (White/Bronze),Florida Sales & Marketing,102.5,102.5,True,
12,"48” x 80"" Door Blank with 14” Kick Plate (White/Bronze)",Lancing,87.01,87.01,True,
12,"48” x 80"" Door Blank with 14” Kick Plate (White/Bronze)",Aluminum Distributors Int LLC,98.6,98.6,True,
12,"48” x 80"" Door Blank with 14” Kick Plate (White/Bronze)",Florida Sales & Marketing,91.7,91.7,True,
12,"48” x 80"" Door Blank with 14” Kick Plate (White/Bronze)",American Metals Supply,87.14,87.14,True,
13,"48” x 96"" Door Blank with 14” Kick Plate (White/Bronze)",Florida Sales & Marketing,113.5,113.5,True,
14,Z-Bar x 17' (White/Bronze),EMS,21.25,21.25,True,
14,Z-Bar x 17' (White/Bronze),JM Fasteners,18.95,18.95,True,
14,Z-Bar x 17' (White/Bronze),American Metals Supply,21.71,21.71,True,
15,Adjustable Z-Bar x 17',EMS,47.09,47.09,True,
15,Adjustable Z-Bar x 17',Lancing,27.03,27.03,True,
15,Adjustable Z-Bar x 17',JM Fasteners,22.85,22.85,True,
15,Adjustable Z-Bar x 17',Aluminum Distributors Int LLC,21.0,21,True,
15,Adjustable Z-Bar x 17',Florida Sales & Marketing,18.0,18,True,
15,Adjustable Z-Bar x 17',American Metals Supply,29.35,29.35,True,
16,Hinges (White/Bronze),Lancing,1.85,1.85,True,
16,Hinges (White/Bronze),JM Fasteners,1.25,1.25,True,
16,Hinges (White/Bronze),Aluminum Distributors Int LLC,0.99,0.99,True,
16,Hinges (White/Bronze),Florida Sales & Marketing,1.0,1,True,
16,Hinges (White/Bronze),American Metals Supply,1.83,1.83,True,
17,"Bugsweep 36""",EMS,3.5,3.5,True,
17,"Bugsweep 36""",Lancing,2.74,2.74,True,
17,"Bugsweep 36""",JM Fasteners,2.0,2,True,
17,"Bugsweep 36""",Aluminum Distributors Int LLC,1.7,1.7,True,
17,"Bugsweep 36""",Florida Sales & Marketing,1.84,1.84,True,
17,"Bugsweep 36""",American Metals Supply,3.33,3.33,True,
19,"Bugsweep 42""",Aluminum Distributors Int LLC,3.4,3.4,True,
19,"Bugsweep 42""",Florida Sales & Marketing,3.0,3,True,
20,"Bugsweep 48""",EMS,4.5,4.5,True,
20,"Bugsweep 48""",Aluminum Distributors Int LLC,3.4,3.4,True,
21,Eliminator Door Hardware Kit (White/Bronze),EMS,27.79,27.79,True,
21,Eliminator Door Hardware Kit (White/Bronze),Lancing,19.49,19.49,True,
21,Eliminator Door Hardware Kit (White/Bronze),JM Fasteners,18.25,18.25,True,
21,Eliminator Door Hardware Kit (White/Bronze),Aluminum Distributors Int LLC,15.8,15.8,True,
21,Eliminator Door Hardware Kit (White/Bronze),Florida Sales & Marketing,21.12,21.12,True,
21,Eliminator Door Hardware Kit (White/Bronze),American Metals Supply,16.77,16.77,True,
23,Pet Door S (White/Bronze),Florida Sales & Marketing,45.95,45.95,True,
24,Pet Door M (White/Bronze),Florida Sales & Marketing,69.95,69.95,True,
24,Pet Door M (White/Bronze),American Metals Supply,135.57,135.57,True,
25,Pet Door L (White/Bronze),Florida Sales & Marketing,110.95,110.95,True,
25,Pet Door L (White/Bronze),American Metals Supply,172.86,172.86,True,
26,Pet Door XL (White/Bronze),American Metals Supply,232.29,232.29,True,
27,5” Super Gutter x 24' (White/Bronze),EMS,156.24,156.24,True,
27,5” Super Gutter x 24' (White/Bronze),Lancing,141.36,141.36,True,
27,5” Super Gutter x 24' (White/Bronze),Florida Sales & Marketing,137.51,137.51,True,
27,5” Super Gutter x 24' (White/Bronze),American Metals Supply,138.48,138.48,True,
28,5” Super Gutter x 30' (White/Bronze),EMS,195.3,195.3,True,
28,5” Super Gutter x 30' (White/Bronze),Lancing,176.7,176.7,True,
28,5” Super Gutter x 30' (White/Bronze),Florida Sales & Marketing,184.5,184.5,True,
28,5” Super Gutter x 30' (White/Bronze),American Metals Supply,177.3,177.3,True,
29,5” Super Gutter x 36' (Bronze),EMS,245.88,245.88,True,
29,5” Super Gutter x 36' (Bronze),Lancing,245.16,245.16,True,
29,5” Super Gutter x 36' (Bronze),Florida Sales & Marketing,228.6,228.6,True,
29,5” Super Gutter x 36' (Bronze),American Metals Supply,218.88,218.88,True,
30,5” Super Gutter x 38' (White/Bronze),EMS,259.54,259.54,True,
30,5” Super Gutter x 38' (White/Bronze),Lancing,258.78,258.78,True,
30,5” Super Gutter x 38' (White/Bronze),Florida Sales & Marketing,241.3,241.3,True,
31,5” Super Gutter x 40' (White/Bronze),EMS,273.2,273.2,True,
31,5” Super Gutter x 40' (White/Bronze),Lancing,272.4,272.4,True,
31,5” Super Gutter x 40' (White/Bronze),Florida Sales & Marketing,254.0,254,True,
31,5” Super Gutter x 40' (White/Bronze),American Metals Supply,243.2,243.2,True,
32,7” Super Gutter x 24' (White/Bronze),EMS,228.48,228.48,True,
32,7” Super Gutter x 24' (White/Bronze),Lancing,226.32,226.32,True,
32,7” Super Gutter x 24' (White/Bronze),Florida Sales & Marketing,219.84,219.84,True,
32,7” Super Gutter x 24' (White/Bronze),American Metals Supply,209.28,209.28,True,
33,7” Super Gutter x 30' (White/Bronze),EMS,285.6,285.6,True,
33,7” Super Gutter x 30' (White/Bronze),Lancing,282.9,282.9,True,
33,7” Super Gutter x 30' (White/Bronze),Aluminum Distributors Int LLC,343.45,343.45,True,
33,7” Super Gutter x 30' (White/Bronze),Florida Sales & Marketing,274.8,274.8,True,
33,7” Super Gutter x 30' (White/Bronze),American Metals Supply,267.6,267.6,True,
34,7” Super Gutter x 36' (White/Bronze),EMS,369.0,369,True,
34,7” Super Gutter x 36' (White/Bronze),Lancing,339.48,339.48,True,
34,7” Super Gutter x 36' (White/Bronze),Florida Sales & Marketing,351.0,351,True,
34,7” Super Gutter x 36' (White/Bronze),American Metals Supply,330.48,330.48,True,
35,7” Super Gutter x 38' (White/Bronze),EMS,389.5,389.5,True,
35,7” Super Gutter x 38' (White/Bronze),Lancing,358.34,358.34,True,
35,7” Super Gutter x 38' (White/Bronze),Florida Sales & Marketing,370.5,370.5,True,
36,7” Super Gutter x 39' (White/Bronze),EMS,399.75,399.75,True,
36,7” Super Gutter x 39' (White/Bronze),Lancing,367.77,367.77,True,
37,7” Super Gutter x 40' (White/Bronze),EMS,410.0,410,True,
37,7” Super Gutter x 40' (White/Bronze),Lancing,386.25,386.25,True,
37,7” Super Gutter x 40' (White/Bronze),Aluminum Distributors Int LLC,400.65,400.65,True,
37,7” Super Gutter x 40' (White/Bronze),Florida Sales & Marketing,380.0,380,True,
37,7” Super Gutter x 40' (White/Bronze),American Metals Supply,389.2,389.2,True,
38,"Super Gutter End Cap 5"" (White/Bronze)",EMS,4.58,4.58,True,
38,"Super Gutter End Cap 5"" (White/Bronze)",Lancing,3.0,3,True,
38,"Super Gutter End Cap 5"" (White/Bronze)",Florida Sales & Marketing,1.51,1.51,True,
39,"Super Gutter End Cap 7"" (White/Bronze)",EMS,6.5,6.5,True,
39,"Super Gutter End Cap 7"" (White/Bronze)",Lancing,2.56,2.56,True,
39,"Super Gutter End Cap 7"" (White/Bronze)",JM Fasteners,2.75,2.75,True,
39,"Super Gutter End Cap 7"" (White/Bronze)",Aluminum Distributors Int LLC,7.5,7.5,True,
39,"Super Gutter End Cap 7"" (White/Bronze)",Florida Sales & Marketing,2.62,2.62,True,
39,"Super Gutter End Cap 7"" (White/Bronze)",American Metals Supply,5.05,5.05,True,
40,3 x .045 Extruded Header x 24' (White/Bronze),EMS,58.32,58.32,True,
40,3 x .045 Extruded Header x 24' (White/Bronze),Lancing,62.4,62.4,True,
40,3 x .045 Extruded Header x 24' (White/Bronze),Florida Sales & Marketing,54.0,54,True,
40,3 x .045 Extruded Header x 24' (White/Bronze),American Metals Supply,54.72,54.72,True,
41,3 x .045 Extruded Header x 30' (White/Bronze),EMS,72.9,72.9,True,
41,3 x .045 Extruded Header x 30' (White/Bronze),Lancing,78.0,78,True,
41,3 x .045 Extruded Header x 30' (White/Bronze),Aluminum Distributors Int LLC,63.32,63.32,True,
41,3 x .045 Extruded Header x 30' (White/Bronze),Florida Sales & Marketing,67.5,67.5,True,
41,3 x .045 Extruded Header x 30' (White/Bronze),American Metals Supply,68.4,68.4,True,
42,Extruded T-Gutter x 24’  (White/Bronze),EMS,96.96,96.96,True,
43,5-1/2” Extruded T-Fascia x 27’ (White/Bronze),EMS,86.94,86.94,True,
45,E-Fascia x 25’ (White),Florida Sales & Marketing,73.75,73.75,True,
46,E-Fascia x 27’ (White/Bronze),EMS,144.99,144.99,True,
46,E-Fascia x 27’ (White/Bronze),American Metals Supply,74.52,74.52,True,
48,E-Gutter x 24' (White/Bronze),EMS,170.4,170.4,True,
48,E-Gutter x 24' (White/Bronze),Florida Sales & Marketing,155.04,155.04,True,
48,E-Gutter x 24' (White/Bronze),American Metals Supply,136.08,136.08,True,
49,E-Gutter x 27' (White),EMS,191.7,191.7,True,
50,E-Gutter x 30' (White/Bronze),EMS,213.0,213,True,
50,E-Gutter x 30' (White/Bronze),Florida Sales & Marketing,193.8,193.8,True,
50,E-Gutter x 30' (White/Bronze),American Metals Supply,170.1,170.1,True,
51,Rain Carrying Accessories 3” x 4” Downpipe x 8' (White/Bronze),EMS,26.8,26.8,True,
51,Rain Carrying Accessories 3” x 4” Downpipe x 8' (White/Bronze),American Metals Supply,18.1,18.1,True,
52,Rain Carrying Accessories 3” x 4” Downpipe x 10' (White/Bronze),EMS,33.7,33.7,True,
52,Rain Carrying Accessories 3” x 4” Downpipe x 10' (White/Bronze),Lancing,22.08,22.08,True,
52,Rain Carrying Accessories 3” x 4” Downpipe x 10' (White/Bronze),Aluminum Distributors Int LLC,25.0,25,True,
52,Rain Carrying Accessories 3” x 4” Downpipe x 10' (White/Bronze),Florida Sales & Marketing,18.0,18,True,
52,Rain Carrying Accessories 3” x 4” Downpipe x 10' (White/Bronze),American Metals Supply,22.62,22.62,True,
53,Rain Carrying Accessories (3 x 4 B Elbow) (White/Bronze),EMS,3.75,3.75,True,
53,Rain Carrying Accessories (3 x 4 B Elbow) (White/Bronze),Lancing,2.98,2.98,True,
53,Rain Carrying Accessories (3 x 4 B Elbow) (White/Bronze),Aluminum Distributors Int LLC,3.5,3.5,True,
53,Rain Carrying Accessories (3 x 4 B Elbow) (White/Bronze),Florida Sales & Marketing,2.43,2.43,True,
53,Rain Carrying Accessories (3 x 4 B Elbow) (White/Bronze),American Metals Supply,2.52,2.52,True,
54,Rain Carrying Accessories (3 x 4 A Elbow) (White/Bronze),EMS,3.75,3.75,True,
54,Rain Carrying Accessories (3 x 4 A Elbow) (White/Bronze),Lancing,2.55,2.55,True,
54,Rain Carrying Accessories (3 x 4 A Elbow) (White/Bronze),Aluminum Distributors Int LLC,3.5,3.5,True,
54,Rain Carrying Accessories (3 x 4 A Elbow) (White/Bronze),Florida Sales & Marketing,2.43,2.43,True,
54,Rain Carrying Accessories (3 x 4 A Elbow) (White/Bronze),American Metals Supply,2.52,2.52,True,
55,Rain Carrying Accessories (3 x 4 Drop Outlet; Mill Finish),EMS,2.2,2.2,True,
55,Rain Carrying Accessories (3 x 4 Drop Outlet; Mill Finish),Lancing,1.56,1.56,True,
55,Rain Carrying Accessories (3 x 4 Drop Outlet; Mill Finish),Aluminum Distributors Int LLC,2.5,2.5,True,
55,Rain Carrying Accessories (3 x 4 Drop Outlet; Mill Finish),Florida Sales & Marketing,2.02,2.02,True,
55,Rain Carrying Accessories (3 x 4 Drop Outlet; Mill Finish),American Metals Supply,1.43,1.43,True,
56,Solar Seal White,EMS,8.5,8.5,True,
56,Solar Seal White,Lancing,7.38,7.38,True,
56,Solar Seal White,JM Fasteners,7.1,7.1,True,
56,Solar Seal White,Florida Sales & Marketing,7.65,7.65,True,
56,Solar Seal White,American Metals Supply,7.92,7.92,True,
57,Solar Seal Bronze,EMS,8.5,8.5,True,
57,Solar Seal Bronze,Lancing,7.79,7.79,True,
57,Solar Seal Bronze,JM Fasteners,6.95,6.95,True,
57,Solar Seal Bronze,Aluminum Distributors Int LLC,9.34,9.34,True,
57,Solar Seal Bronze,Florida Sales & Marketing,7.85,7.85,True,
57,Solar Seal Bronze,American Metals Supply,8.62,8.62,True,
59,1 x 2 Open Back x .040 min. x 24’ (White/Bronze),EMS,27.12,27.12,True,
59,1 x 2 Open Back x .040 min. x 24’ (White/Bronze),Lancing,29.96,29.96,True,
59,1 x 2 Open Back x .040 min. x 24’ (White/Bronze),Aluminum Distributors Int LLC,35.0,35,True,
59,1 x 2 Open Back x .040 min. x 24’ (White/Bronze),Florida Sales & Marketing,25.4,25.4,True,
59,1 x 2 Open Back x .040 min. x 24’ (White/Bronze),American Metals Supply,26.64,26.64,True,
60,1 x 2 Open Back x .040 min. x 30’ (White/Bronze),EMS,33.9,33.9,True,
60,1 x 2 Open Back x .040 min. x 30’ (White/Bronze),Lancing,37.46,37.46,True,
60,1 x 2 Open Back x .040 min. x 30’ (White/Bronze),Aluminum Distributors Int LLC,44.0,44,True,
60,1 x 2 Open Back x .040 min. x 30’ (White/Bronze),Florida Sales & Marketing,32.5,32.5,True,
60,1 x 2 Open Back x .040 min. x 30’ (White/Bronze),American Metals Supply,33.3,33.3,True,
61,1 x 3 Open Back x .040 min. x 24' (White/Bronze),EMS,37.44,37.44,True,
61,1 x 3 Open Back x .040 min. x 24' (White/Bronze),Lancing,39.6,39.6,True,
61,1 x 3 Open Back x .040 min. x 24' (White/Bronze),Florida Sales & Marketing,30.33,30.33,True,
61,1 x 3 Open Back x .040 min. x 24' (White/Bronze),American Metals Supply,35.52,35.52,True,
62,1 x 3 Open Back x .040 min. x 30' (White/Bronze),EMS,46.8,46.8,True,
62,1 x 3 Open Back x .040 min. x 30' (White/Bronze),Lancing,49.5,49.5,True,
62,1 x 3 Open Back x .040 min. x 30' (White/Bronze),American Metals Supply,44.4,44.4,True,
63,2 x 2 x .045 Patio x 24’ (White/Bronze),EMS,52.32,52.32,True,
63,2 x 2 x .045 Patio x 24’ (White/Bronze),Lancing,57.7,57.7,True,
63,2 x 2 x .045 Patio x 24’ (White/Bronze),Aluminum Distributors Int LLC,62.0,62,True,
63,2 x 2 x .045 Patio x 24’ (White/Bronze),Florida Sales & Marketing,51.12,51.12,True,
63,2 x 2 x .045 Patio x 24’ (White/Bronze),American Metals Supply,49.68,49.68,True,
64,2 x 2 x .045 Patio x 30' (White/Bronze),EMS,65.4,65.4,True,
64,2 x 2 x .045 Patio x 30' (White/Bronze),Lancing,72.13,72.13,True,
64,2 x 2 x .045 Patio x 30' (White/Bronze),Aluminum Distributors Int LLC,77.0,77,True,
64,2 x 2 x .045 Patio x 30' (White/Bronze),Florida Sales & Marketing,63.15,63.15,True,
64,2 x 2 x .045 Patio x 30' (White/Bronze),American Metals Supply,62.1,62.1,True,
65,2 x 3 x .045 Patio x 24’ (White/Bronze),EMS,71.04,71.04,True,
65,2 x 3 x .045 Patio x 24’ (White/Bronze),Lancing,71.52,71.52,True,
65,2 x 3 x .045 Patio x 24’ (White/Bronze),Aluminum Distributors Int LLC,86.0,86,True,
65,2 x 3 x .045 Patio x 24’ (White/Bronze),Florida Sales & Marketing,68.4,68.4,True,
65,2 x 3 x .045 Patio x 24’ (White/Bronze),American Metals Supply,74.88,74.88,True,
66,2 x 3 x .045 Patio x 30’ (White/Bronze),EMS,88.8,88.8,True,
66,2 x 3 x .045 Patio x 30’ (White/Bronze),Lancing,89.4,89.4,True,
66,2 x 3 x .045 Patio x 30’ (White/Bronze),Aluminum Distributors Int LLC,95.0,95,True,
66,2 x 3 x .045 Patio x 30’ (White/Bronze),Florida Sales & Marketing,85.5,85.5,True,
66,2 x 3 x .045 Patio x 30’ (White/Bronze),American Metals Supply,93.6,93.6,True,
67,2 x 4 x .050 Patio x 24’ (White/Bronze),EMS,90.48,90.48,True,
67,2 x 4 x .050 Patio x 24’ (White/Bronze),Lancing,89.52,89.52,True,
67,2 x 4 x .050 Patio x 24’ (White/Bronze),Aluminum Distributors Int LLC,97.85,97.85,True,
67,2 x 4 x .050 Patio x 24’ (White/Bronze),Florida Sales & Marketing,84.0,84,True,
67,2 x 4 x .050 Patio x 24’ (White/Bronze),American Metals Supply,87.12,87.12,True,
68,2 x 4 x .050 Patio x 30’ (White/Bronze),EMS,113.1,113.1,True,
68,2 x 4 x .050 Patio x 30’ (White/Bronze),Lancing,111.9,111.9,True,
68,2 x 4 x .050 Patio x 30’ (White/Bronze),Aluminum Distributors Int LLC,122.29,122.29,True,
68,2 x 4 x .050 Patio x 30’ (White/Bronze),Florida Sales & Marketing,105.0,105,True,
68,2 x 4 x .050 Patio x 30’ (White/Bronze),American Metals Supply,108.9,108.9,True,
69,2 x 5 x .050 Patio x 24’ (White/Bronze),EMS,120.0,120,True,
69,2 x 5 x .050 Patio x 24’ (White/Bronze),Aluminum Distributors Int LLC,122.36,122.36,True,
69,2 x 5 x .050 Patio x 24’ (White/Bronze),Florida Sales & Marketing,114.0,114,True,
69,2 x 5 x .050 Patio x 24’ (White/Bronze),American Metals Supply,114.0,114,True,
70,2 x 5 x .050 Patio x 30’ (White/Bronze),EMS,150.0,150,True,
70,2 x 5 x .050 Patio x 30’ (White/Bronze),Aluminum Distributors Int LLC,274.82,274.82,True,
70,2 x 5 x .050 Patio x 30’ (White/Bronze),Florida Sales & Marketing,142.5,142.5,True,
70,2 x 5 x .050 Patio x 30’ (White/Bronze),American Metals Supply,142.5,142.5,True,
71,2” x 4” SMB x 22' (Bronze),EMS,45.1,45.1,True,
71,2” x 4” SMB x 22' (Bronze),Lancing,43.78,43.78,True,
71,2” x 4” SMB x 22' (Bronze),Florida Sales & Marketing,45.32,45.32,True,
71,2” x 4” SMB x 22' (Bronze),American Metals Supply,41.58,41.58,True,
72,2” x 4” SMB x 24' (White/Bronze),EMS,49.2,49.2,True,
72,2” x 4” SMB x 24' (White/Bronze),Lancing,47.76,47.76,True,
72,2” x 4” SMB x 24' (White/Bronze),Aluminum Distributors Int LLC,86.55,86.55,True,
72,2” x 4” SMB x 24' (White/Bronze),Florida Sales & Marketing,42.32,42.32,True,
72,2” x 4” SMB x 24' (White/Bronze),American Metals Supply,45.36,45.36,True,
73,2” x 4” SMB x 26' (Bronze),EMS,53.3,53.3,True,
73,2” x 4” SMB x 26' (Bronze),Lancing,51.74,51.74,True,
73,2” x 4” SMB x 26' (Bronze),Florida Sales & Marketing,53.56,53.56,True,
73,2” x 4” SMB x 26' (Bronze),American Metals Supply,49.14,49.14,True,
74,2” x 4” SMB x 30' (White/Bronze),EMS,61.05,61.05,True,
74,2” x 4” SMB x 30' (White/Bronze),Lancing,59.7,59.7,True,
74,2” x 4” SMB x 30' (White/Bronze),Aluminum Distributors Int LLC,92.0,92,True,
74,2” x 4” SMB x 30' (White/Bronze),Florida Sales & Marketing,51.16,51.16,True,
74,2” x 4” SMB x 30' (White/Bronze),American Metals Supply,56.7,56.7,True,
75,2” x 5” SMB x 24' (White/Bronze),EMS,63.36,63.36,True,
75,2” x 5” SMB x 24' (White/Bronze),Lancing,60.24,60.24,True,
75,2” x 5” SMB x 24' (White/Bronze),Florida Sales & Marketing,62.4,62.4,True,
75,2” x 5” SMB x 24' (White/Bronze),American Metals Supply,59.04,59.04,True,
76,2” x 5” SMB x 30' (White/Bronze),EMS,79.2,79.2,True,
76,2” x 5” SMB x 30' (White/Bronze),Lancing,75.3,75.3,True,
76,2” x 5” SMB x 30' (White/Bronze),Aluminum Distributors Int LLC,88.61,88.61,True,
76,2” x 5” SMB x 30' (White/Bronze),Florida Sales & Marketing,78.0,78,True,
76,2” x 5” SMB x 30' (White/Bronze),American Metals Supply,73.8,73.8,True,
77,2” x 6” SMB x 20' (White/Bronze),EMS,61.0,61,True,
77,2” x 6” SMB x 20' (White/Bronze),Lancing,58.8,58.8,True,
77,2” x 6” SMB x 20' (White/Bronze),American Metals Supply,56.0,56,True,
78,2” x 6” SMB x 22' (White/Bronze),EMS,67.1,67.1,True,
78,2” x 6” SMB x 22' (White/Bronze),Lancing,64.68,64.68,True,
78,2” x 6” SMB x 22' (White/Bronze),American Metals Supply,61.6,61.6,True,
79,2” x 6” SMB x 24' (White/Bronze),EMS,73.2,73.2,True,
79,2” x 6” SMB x 24' (White/Bronze),Lancing,70.56,70.56,True,
79,2” x 6” SMB x 24' (White/Bronze),Aluminum Distributors Int LLC,83.23,83.23,True,
79,2” x 6” SMB x 24' (White/Bronze),Florida Sales & Marketing,69.12,69.12,True,
79,2” x 6” SMB x 24' (White/Bronze),American Metals Supply,67.2,67.2,True,
80,2” x 6” SMB x 26' (White/Bronze),EMS,79.03,79.03,True,
80,2” x 6” SMB x 26' (White/Bronze),Lancing,76.44,76.44,True,
80,2” x 6” SMB x 26' (White/Bronze),Florida Sales & Marketing,74.88,74.88,True,
80,2” x 6” SMB x 26' (White/Bronze),American Metals Supply,72.8,72.8,True,
81,2” x 6” SMB x 28' (White/Bronze),EMS,85.4,85.4,True,
81,2” x 6” SMB x 28' (White/Bronze),Lancing,82.32,82.32,True,
81,2” x 6” SMB x 28' (White/Bronze),Florida Sales & Marketing,80.64,80.64,True,
81,2” x 6” SMB x 28' (White/Bronze),American Metals Supply,78.4,78.4,True,
82,2” x 6” SMB x 30' (White/Bronze),EMS,91.5,91.5,True,
82,2” x 6” SMB x 30' (White/Bronze),Lancing,88.2,88.2,True,
82,2” x 6” SMB x 30' (White/Bronze),Aluminum Distributors Int LLC,92.94,92.94,True,
82,2” x 6” SMB x 30' (White/Bronze),Florida Sales & Marketing,96.42,96.42,True,
82,2” x 6” SMB x 30' (White/Bronze),American Metals Supply,84.0,84,True,
83,2” x 7” SMB x 20' (White/Bronze),EMS,69.8,69.8,True,
83,2” x 7” SMB x 20' (White/Bronze),Lancing,67.0,67,True,
83,2” x 7” SMB x 20' (White/Bronze),American Metals Supply,64.0,64,True,
84,2” x 7” SMB x 22' (White/Bronze),EMS,76.78,76.78,True,
84,2” x 7” SMB x 22' (White/Bronze),Lancing,73.8,73.8,True,
84,2” x 7” SMB x 22' (White/Bronze),Aluminum Distributors Int LLC,170.88,170.88,True,
84,2” x 7” SMB x 22' (White/Bronze),Florida Sales & Marketing,77.8,77.8,True,
84,2” x 7” SMB x 22' (White/Bronze),American Metals Supply,70.4,70.4,True,
85,2” x 7” SMB x 24' (White/Bronze),EMS,83.76,83.76,True,
85,2” x 7” SMB x 24' (White/Bronze),Lancing,80.4,80.4,True,
85,2” x 7” SMB x 24' (White/Bronze),Aluminum Distributors Int LLC,105.0,105,True,
85,2” x 7” SMB x 24' (White/Bronze),Florida Sales & Marketing,80.64,80.64,True,
85,2” x 7” SMB x 24' (White/Bronze),American Metals Supply,76.8,76.8,True,
86,2” x 7” SMB x 30' (White/Bronze),EMS,104.7,104.7,True,
86,2” x 7” SMB x 30' (White/Bronze),Lancing,100.6,100.6,True,
86,2” x 7” SMB x 30' (White/Bronze),Aluminum Distributors Int LLC,168.75,168.75,True,
86,2” x 7” SMB x 30' (White/Bronze),Florida Sales & Marketing,100.8,100.8,True,
86,2” x 7” SMB x 30' (White/Bronze),American Metals Supply,96.0,96,True,
87,2” x 7” SMB x 32' (White/Bronze),EMS,118.08,118.08,True,
87,2” x 7” SMB x 32' (White/Bronze),Lancing,107.2,107.2,True,
87,2” x 7” SMB x 32' (White/Bronze),Aluminum Distributors Int LLC,165.05,165.05,True,
87,2” x 7” SMB x 32' (White/Bronze),Florida Sales & Marketing,116.6,116.6,True,
87,2” x 7” SMB x 32' (White/Bronze),American Metals Supply,102.4,102.4,True,
88,2” x 8” SMB x 20' (White/Bronze),EMS,102.8,102.8,True,
88,2” x 8” SMB x 20' (White/Bronze),Lancing,99.4,99.4,True,
88,2” x 8” SMB x 20' (White/Bronze),American Metals Supply,94.6,94.6,True,
89,2” x 8” SMB x 22' (White/Bronze),EMS,113.08,113.08,True,
89,2” x 8” SMB x 22' (White/Bronze),Lancing,109.34,109.34,True,
89,2” x 8” SMB x 22' (White/Bronze),American Metals Supply,104.06,104.06,True,
90,2” x 8” SMB x 24' (White/Bronze),EMS,123.36,123.36,True,
90,2” x 8” SMB x 24' (White/Bronze),Lancing,119.28,119.28,True,
90,2” x 8” SMB x 24' (White/Bronze),Florida Sales & Marketing,118.8,118.8,True,
90,2” x 8” SMB x 24' (White/Bronze),American Metals Supply,113.52,113.52,True,
91,2” x 8” SMB x 28' (White/Bronze),EMS,143.92,143.92,True,
91,2” x 8” SMB x 28' (White/Bronze),Lancing,139.06,139.06,True,
91,2” x 8” SMB x 28' (White/Bronze),Aluminum Distributors Int LLC,217.49,217.49,True,
91,2” x 8” SMB x 28' (White/Bronze),Florida Sales & Marketing,145.4,145.4,True,
91,2” x 8” SMB x 28' (White/Bronze),American Metals Supply,132.44,132.44,True,
92,2” x 8” SMB x 30' (White/Bronze),EMS,154.2,154.2,True,
92,2” x 8” SMB x 30' (White/Bronze),Lancing,149.0,149,True,
92,2” x 8” SMB x 30' (White/Bronze),Aluminum Distributors Int LLC,149.35,149.35,True,
92,2” x 8” SMB x 30' (White/Bronze),Florida Sales & Marketing,162.4,162.4,True,
92,2” x 8” SMB x 30' (White/Bronze),American Metals Supply,141.9,141.9,True,
93,2” x 8” SMB x 32' (White/Bronze),EMS,172.16,172.16,True,
93,2” x 8” SMB x 32' (White/Bronze),Lancing,159.04,159.04,True,
93,2” x 8” SMB x 32' (White/Bronze),Aluminum Distributors Int LLC,194.92,194.92,True,
93,2” x 8” SMB x 32' (White/Bronze),Florida Sales & Marketing,163.2,163.2,True,
93,2” x 8” SMB x 32' (White/Bronze),American Metals Supply,159.36,159.36,True,
94,2” x 8” SMB x 36' (White/Bronze),EMS,193.68,193.68,True,
94,2” x 8” SMB x 36' (White/Bronze),Lancing,178.92,178.92,True,
94,2” x 8” SMB x 36' (White/Bronze),Florida Sales & Marketing,183.6,183.6,True,
94,2” x 8” SMB x 36' (White/Bronze),American Metals Supply,179.28,179.28,True,
95,2” x 8” SMB x 40' (White/Bronze),EMS,215.2,215.2,True,
95,2” x 8” SMB x 40' (White/Bronze),Lancing,198.8,198.8,True,
95,2” x 8” SMB x 40' (White/Bronze),Florida Sales & Marketing,204.0,204,True,
95,2” x 8” SMB x 40' (White/Bronze),American Metals Supply,199.2,199.2,True,
96,2” x 9” SMB x 22' (White/Bronze),EMS,130.02,130.02,True,
96,2” x 9” SMB x 22' (White/Bronze),Lancing,117.92,117.92,True,
96,2” x 9” SMB x 22' (White/Bronze),Florida Sales & Marketing,121.22,121.22,True,
97,2” x 9” SMB x 24' (White/Bronze),EMS,141.84,141.84,True,
97,2” x 9” SMB x 24' (White/Bronze),Lancing,128.64,128.64,True,
97,2” x 9” SMB x 24' (White/Bronze),Aluminum Distributors Int LLC,245.78,245.78,True,
97,2” x 9” SMB x 24' (White/Bronze),Florida Sales & Marketing,132.24,132.24,True,
97,2” x 9” SMB x 24' (White/Bronze),American Metals Supply,129.84,129.84,True,
98,2” x 9” SMB x 26' (White/Bronze),EMS,153.66,153.66,True,
98,2” x 9” SMB x 26' (White/Bronze),Lancing,139.36,139.36,True,
98,2” x 9” SMB x 26' (White/Bronze),Florida Sales & Marketing,143.26,143.26,True,
98,2” x 9” SMB x 26' (White/Bronze),American Metals Supply,140.66,140.66,True,
99,2” x 9” SMB x 28' (White/Bronze),EMS,165.48,165.48,True,
99,2” x 9” SMB x 28' (White/Bronze),Lancing,150.08,150.08,True,
99,2” x 9” SMB x 28' (White/Bronze),Florida Sales & Marketing,154.28,154.28,True,
99,2” x 9” SMB x 28' (White/Bronze),American Metals Supply,151.48,151.48,True,
100,2” x 9” SMB x 30' (White/Bronze),EMS,177.3,177.3,True,
100,2” x 9” SMB x 30' (White/Bronze),Lancing,160.8,160.8,True,
100,2” x 9” SMB x 30' (White/Bronze),Aluminum Distributors Int LLC,255.27,255.27,True,
100,2” x 9” SMB x 30' (White/Bronze),Florida Sales & Marketing,165.3,165.3,True,
100,2” x 9” SMB x 30' (White/Bronze),American Metals Supply,162.3,162.3,True,
101,2” x 9” SMB x 32' (White/Bronze),EMS,197.76,197.76,True,
101,2” x 9” SMB x 32' (White/Bronze),Lancing,171.52,171.52,True,
101,2” x 9” SMB x 32' (White/Bronze),Florida Sales & Marketing,182.72,182.72,True,
101,2” x 9” SMB x 32' (White/Bronze),American Metals Supply,182.4,182.4,True,
102,2” x 9” SMB x 36' (White/Bronze),EMS,222.48,222.48,True,
102,2” x 9” SMB x 36' (White/Bronze),Lancing,192.96,192.96,True,
102,2” x 9” SMB x 36' (White/Bronze),Florida Sales & Marketing,205.56,205.56,True,
102,2” x 9” SMB x 36' (White/Bronze),American Metals Supply,205.2,205.2,True,
103,2” x 9” SMB x 40' (White/Bronze),EMS,247.2,247.2,True,
103,2” x 9” SMB x 40' (White/Bronze),Lancing,214.4,214.4,True,
103,2” x 9” SMB x 40' (White/Bronze),Florida Sales & Marketing,228.4,228.4,True,
103,2” x 9” SMB x 40' (White/Bronze),American Metals Supply,228.0,228,True,
104,2” x 10” SMB x 24' (White/Bronze),EMS,208.32,208.32,True,
104,2” x 10” SMB x 24' (White/Bronze),Lancing,194.4,194.4,True,
104,2” x 10” SMB x 24' (White/Bronze),Florida Sales & Marketing,199.92,199.92,True,
104,2” x 10” SMB x 24' (White/Bronze),American Metals Supply,189.6,189.6,True,
105,2” x 10” SMB x 26' (White/Bronze),EMS,225.68,225.68,True,
105,2” x 10” SMB x 26' (White/Bronze),Lancing,210.6,210.6,True,
105,2” x 10” SMB x 26' (White/Bronze),Florida Sales & Marketing,216.58,216.58,True,
105,2” x 10” SMB x 26' (White/Bronze),American Metals Supply,205.4,205.4,True,
106,2” x 10” SMB x 28' (White/Bronze),EMS,243.04,243.04,True,
106,2” x 10” SMB x 28' (White/Bronze),Lancing,226.8,226.8,True,
106,2” x 10” SMB x 28' (White/Bronze),Florida Sales & Marketing,233.24,233.24,True,
106,2” x 10” SMB x 28' (White/Bronze),American Metals Supply,221.2,221.2,True,
107,2” x 10” SMB x 30' (White/Bronze),EMS,260.04,260.04,True,
107,2” x 10” SMB x 30' (White/Bronze),Lancing,243.0,243,True,
107,2” x 10” SMB x 30' (White/Bronze),Aluminum Distributors Int LLC,392.23,392.23,True,
107,2” x 10” SMB x 30' (White/Bronze),Florida Sales & Marketing,249.9,249.9,True,
107,2” x 10” SMB x 30' (White/Bronze),American Metals Supply,237.0,237,True,
108,2” x 10” SMB x 32' (White/Bronze) ,EMS,291.2,291.2,True,
108,2” x 10” SMB x 32' (White/Bronze) ,Lancing,259.2,259.2,True,
108,2” x 10” SMB x 32' (White/Bronze) ,Florida Sales & Marketing,277.12,277.12,True,
108,2” x 10” SMB x 32' (White/Bronze) ,American Metals Supply,265.92,265.92,True,
109,2” x 10” SMB x 36' (White/Bronze),EMS,327.6,327.6,True,
109,2” x 10” SMB x 36' (White/Bronze),Lancing,324.06,324.06,True,
109,2” x 10” SMB x 36' (White/Bronze),Florida Sales & Marketing,283.3,283.3,True,
109,2” x 10” SMB x 36' (White/Bronze),American Metals Supply,299.16,299.16,True,
110,2” x 10” SMB x 40' (White/Bronze) ,EMS,364.0,364,True,
110,2” x 10” SMB x 40' (White/Bronze) ,Lancing,324.06,324.06,True,
110,2” x 10” SMB x 40' (White/Bronze) ,Florida Sales & Marketing,346.4,346.4,True,
110,2” x 10” SMB x 40' (White/Bronze) ,American Metals Supply,332.4,332.4,True,
111,3 x 3 Eve Rail  x 24' (White/Bronze),EMS,150.72,150.72,True,
111,3 x 3 Eve Rail  x 24' (White/Bronze),Lancing,173.76,173.76,True,
111,3 x 3 Eve Rail  x 24' (White/Bronze),Florida Sales & Marketing,146.16,146.16,True,
111,3 x 3 Eve Rail  x 24' (White/Bronze),American Metals Supply,142.05,142.05,True,
112,3 x 3 Eve Rail  x 30' (White/Bronze),EMS,188.4,188.4,True,
112,3 x 3 Eve Rail  x 30' (White/Bronze),Lancing,217.2,217.2,True,
112,3 x 3 Eve Rail  x 30' (White/Bronze),Aluminum Distributors Int LLC,221.5,221.5,True,
112,3 x 3 Eve Rail  x 30' (White/Bronze),Florida Sales & Marketing,182.7,182.7,True,
112,3 x 3 Eve Rail  x 30' (White/Bronze),American Metals Supply,177.6,177.6,True,
113,4 x .125 Square Tube x 24' (White/Bronze) ,Aluminum Distributors Int LLC,275.43,275.43,True,
113,4 x .125 Square Tube x 24' (White/Bronze) ,Florida Sales & Marketing,256.8,256.8,True,
113,4 x .125 Square Tube x 24' (White/Bronze) ,American Metals Supply,254.64,254.64,True,
114,4 x .125 Square Tube x 30' (White/Bronze) ,Aluminum Distributors Int LLC,410.81,410.81,True,
114,4 x .125 Square Tube x 30' (White/Bronze) ,Florida Sales & Marketing,321.0,321,True,
114,4 x .125 Square Tube x 30' (White/Bronze) ,American Metals Supply,318.3,318.3,True,
115,4 x .125 Square Tube x 24' (White/Bronze) With Spline Groove,EMS,263.04,263.04,True,
115,4 x .125 Square Tube x 24' (White/Bronze) With Spline Groove,Lancing,241.92,241.92,True,
115,4 x .125 Square Tube x 24' (White/Bronze) With Spline Groove,Florida Sales & Marketing,270.0,270,True,
115,4 x .125 Square Tube x 24' (White/Bronze) With Spline Groove,American Metals Supply,263.52,263.52,True,
116,4 x .125 Square Tube x 30' (White/Bronze) With Spline Groove,EMS,328.8,328.8,True,
116,4 x .125 Square Tube x 30' (White/Bronze) With Spline Groove,Lancing,302.4,302.4,True,
116,4 x .125 Square Tube x 30' (White/Bronze) With Spline Groove,Florida Sales & Marketing,337.5,337.5,True,
116,4 x .125 Square Tube x 30' (White/Bronze) With Spline Groove,American Metals Supply,329.4,329.4,True,
117,6 x .125 Square Tube x 24' (White/Bronze) ,Aluminum Distributors Int LLC,497.14,497.14,True,
117,6 x .125 Square Tube x 24' (White/Bronze) ,American Metals Supply,385.92,385.92,True,
118,6 x .125 Square Tube x 30' (White/Bronze) ,American Metals Supply,482.4,482.4,True,
119,6 x .125 Square Tube x 24' (White/Bronze) With Spline Groove,EMS,434.88,434.88,True,
119,6 x .125 Square Tube x 24' (White/Bronze) With Spline Groove,Lancing,394.9,394.9,True,
119,6 x .125 Square Tube x 24' (White/Bronze) With Spline Groove,Aluminum Distributors Int LLC,531.49,531.49,True,
119,6 x .125 Square Tube x 24' (White/Bronze) With Spline Groove,Florida Sales & Marketing,473.5,473.5,True,
119,6 x .125 Square Tube x 24' (White/Bronze) With Spline Groove,American Metals Supply,390.96,390.96,True,
120,6 x .125 Square Tube x 30' (White/Bronze) With Spline Groove,EMS,543.6,543.6,True,
120,6 x .125 Square Tube x 30' (White/Bronze) With Spline Groove,Lancing,493.5,493.5,True,
120,6 x .125 Square Tube x 30' (White/Bronze) With Spline Groove,Aluminum Distributors Int LLC,745.0,745,True,
120,6 x .125 Square Tube x 30' (White/Bronze) With Spline Groove,Florida Sales & Marketing,493.5,493.5,True,
120,6 x .125 Square Tube x 30' (White/Bronze) With Spline Groove,American Metals Supply,488.7,488.7,True,
121,8 x .148 Square Tube x 10' Bronze,Classic Metals,369.04,369.04,True,
122,8 x .148 Square Tube x 12' Bronze,Classic Metals,442.85,442.85,True,
123,8 x .148 Square Tube x 15' Bronze,Classic Metals,553.56,553.56,True,
124,8 x .148 Square Tube x 20' Bronze,Classic Metals,738.08,738.08,True,
125,8 x .148 Square Tube x 24' Bronze,Classic Metals,885.7,885.7,True,
126,.310 Flat Spline x 1000’,EMS,30.55,30.55,True,
126,.310 Flat Spline x 1000’,Lancing,19.31,19.31,True,
126,.310 Flat Spline x 1000’,JM Fasteners,22.5,22.5,True,
126,.310 Flat Spline x 1000’,Aluminum Distributors Int LLC,24.75,24.75,True,
126,.310 Flat Spline x 1000’,Florida Sales & Marketing,24.65,24.65,True,
126,.310 Flat Spline x 1000’,American Metals Supply,25.73,25.73,True,
127,.315 Flat Spline x 1000’,EMS,31.21,31.21,True,
127,.315 Flat Spline x 1000’,Lancing,20.56,20.56,True,
127,.315 Flat Spline x 1000’,JM Fasteners,25.0,25,True,
127,.315 Flat Spline x 1000’,Aluminum Distributors Int LLC,23.9,23.9,True,
127,.315 Flat Spline x 1000’,Florida Sales & Marketing,25.45,25.45,True,
127,.315 Flat Spline x 1000’,American Metals Supply,26.0,26,True,
129,.290 Flat Spline x 1000’ (For Pet Screen),EMS,41.66,41.66,True,
130,.285 Flat Spline x 1000’,Aluminum Distributors Int LLC,23.9,23.9,True,
130,.285 Flat Spline x 1000’,Florida Sales & Marketing,24.95,24.95,True,
131,"18/14 Regular x 100’ Rolls x 36""",JM Fasteners,49.5,49.5,True,
131,"18/14 Regular x 100’ Rolls x 36""",Florida Sales & Marketing,64.05,64.05,True,
131,"18/14 Regular x 100’ Rolls x 36""",American Metals Supply,63.24,63.24,True,
132,"18/14 Regular x 100’ Rolls x 42""",American Metals Supply,73.78,73.78,True,
133,"18/14 Regular x 100’ Rolls x 48""",Lancing,83.84,83.84,True,
133,"18/14 Regular x 100’ Rolls x 48""",Florida Sales & Marketing,85.4,85.4,True,
133,"18/14 Regular x 100’ Rolls x 48""",American Metals Supply,84.32,84.32,True,
134,"18/14 Regular x 100’ Rolls x 60""",American Metals Supply,105.4,105.4,True,
135,"18/14 Regular x 100’ Rolls x 66""",American Metals Supply,115.94,115.94,True,
136,"18/14 Regular x 100’ Rolls x 72""",Lancing,125.76,125.76,True,
136,"18/14 Regular x 100’ Rolls x 72""",Florida Sales & Marketing,128.1,128.1,True,
136,"18/14 Regular x 100’ Rolls x 72""",American Metals Supply,126.48,126.48,True,
137,"18/14 Regular x 100’ Rolls x 78""",Florida Sales & Marketing,138.78,138.78,True,
137,"18/14 Regular x 100’ Rolls x 78""",American Metals Supply,137.02,137.02,True,
138,"18/14 Regular x 100’ Rolls x 84""",Lancing,146.72,146.72,True,
138,"18/14 Regular x 100’ Rolls x 84""",JM Fasteners,115.5,115.5,True,
138,"18/14 Regular x 100’ Rolls x 84""",Aluminum Distributors Int LLC,115.58,115.58,True,
138,"18/14 Regular x 100’ Rolls x 84""",Florida Sales & Marketing,158.55,158.55,True,
138,"18/14 Regular x 100’ Rolls x 84""",American Metals Supply,147.56,147.56,True,
139,"18/14 Regular x 100’ Rolls x 90""",American Metals Supply,158.1,158.1,True,
140,"18/14 Regular x 100’ Rolls x 96""",Lancing,167.67,167.67,True,
140,"18/14 Regular x 100’ Rolls x 96""",Aluminum Distributors Int LLC,131.52,131.52,True,
140,"18/14 Regular x 100’ Rolls x 96""",Florida Sales & Marketing,170.8,170.8,True,
140,"18/14 Regular x 100’ Rolls x 96""",American Metals Supply,168.64,168.64,True,
141,"18/14 Regular x 100’ Rolls x 102""",Lancing,178.15,178.15,True,
141,"18/14 Regular x 100’ Rolls x 102""",American Metals Supply,179.18,179.18,True,
142,"18/14 Regular x 100’ Rolls x 108""",EMS,189.0,189,True,
142,"18/14 Regular x 100’ Rolls x 108""",Lancing,188.64,188.64,True,
142,"18/14 Regular x 100’ Rolls x 108""",Aluminum Distributors Int LLC,147.47,147.47,True,
142,"18/14 Regular x 100’ Rolls x 108""",Florida Sales & Marketing,192.15,192.15,True,
142,"18/14 Regular x 100’ Rolls x 108""",American Metals Supply,189.72,189.72,True,
143,"18/14 Regular x 100’ Rolls x 120""",Lancing,225.13,225.13,True,
143,"18/14 Regular x 100’ Rolls x 120""",JM Fasteners,165.0,165,True,
143,"18/14 Regular x 100’ Rolls x 120""",Aluminum Distributors Int LLC,165.41,165.41,True,
143,"18/14 Regular x 100’ Rolls x 120""",American Metals Supply,235.7,235.7,True,
144,"18/14 Regular x 100’ Rolls x 132""",American Metals Supply,259.27,259.27,True,
145,"20/20 No See Um x 100’ Rolls x 36""",JM Fasteners,90.0,90,True,
145,"20/20 No See Um x 100’ Rolls x 36""",Florida Sales & Marketing,92.4,92.4,True,
146,"20/20 No See Um x 100’ Rolls x 72""",Lancing,222.78,222.78,True,
146,"20/20 No See Um x 100’ Rolls x 72""",Florida Sales & Marketing,184.8,184.8,True,
146,"20/20 No See Um x 100’ Rolls x 72""",American Metals Supply,231.66,231.66,True,
147,"20/20 No See Um x 100’ Rolls x 78""",American Metals Supply,250.97,250.97,True,
148,"20/20 No See Um x 100’ Rolls x 84""",Lancing,259.91,259.91,True,
148,"20/20 No See Um x 100’ Rolls x 84""",JM Fasteners,210.0,210,True,
148,"20/20 No See Um x 100’ Rolls x 84""",Aluminum Distributors Int LLC,209.0,209,True,
148,"20/20 No See Um x 100’ Rolls x 84""",Florida Sales & Marketing,222.06,222.06,True,
148,"20/20 No See Um x 100’ Rolls x 84""",American Metals Supply,270.27,270.27,True,
149,"20/20 No See Um x 100’ Rolls x 96""",Lancing,297.04,297.04,True,
149,"20/20 No See Um x 100’ Rolls x 96""",Aluminum Distributors Int LLC,239.0,239,True,
149,"20/20 No See Um x 100’ Rolls x 96""",Florida Sales & Marketing,246.4,246.4,True,
149,"20/20 No See Um x 100’ Rolls x 96""",American Metals Supply,308.88,308.88,True,
150,"20/20 No See Um x 100’ Rolls x 108""",EMS,342.0,342,True,
150,"20/20 No See Um x 100’ Rolls x 108""",Lancing,334.17,334.17,True,
150,"20/20 No See Um x 100’ Rolls x 108""",Aluminum Distributors Int LLC,269.0,269,True,
150,"20/20 No See Um x 100’ Rolls x 108""",Florida Sales & Marketing,277.2,277.2,True,
150,"20/20 No See Um x 100’ Rolls x 108""",American Metals Supply,347.49,347.49,True,
151,"20/20 No See Um x 100’ Rolls x 120""",EMS,380.0,380,True,
151,"20/20 No See Um x 100’ Rolls x 120""",Lancing,371.3,371.3,True,
151,"20/20 No See Um x 100’ Rolls x 120""",JM Fasteners,300.0,300,True,
151,"20/20 No See Um x 100’ Rolls x 120""",Aluminum Distributors Int LLC,299.0,299,True,
151,"20/20 No See Um x 100’ Rolls x 120""",Florida Sales & Marketing,549.7,549.7,True,
151,"20/20 No See Um x 100’ Rolls x 120""",American Metals Supply,581.8,581.8,True,
152,"20/20 No See Um x 100’ Rolls x 132""",Lancing,419.02,419.02,True,
152,"20/20 No See Um x 100’ Rolls x 132""",Florida Sales & Marketing,704.0,704,True,
152,"20/20 No See Um x 100’ Rolls x 132""",American Metals Supply,639.98,639.98,True,
154,"17/20 Super Screen x 100’ Rolls x 72""",Lancing,255.29,255.29,True,
155,"17/20 Super Screen x 100’ Rolls x 84""",Aluminum Distributors Int LLC,229.87,229.87,True,
155,"17/20 Super Screen x 100’ Rolls x 84""",Florida Sales & Marketing,384.79,384.79,True,
156,"17/20 Super Screen x 100’ Rolls x 96""",Lancing,340.38,340.38,True,
156,"17/20 Super Screen x 100’ Rolls x 96""",JM Fasteners,320.0,320,True,
156,"17/20 Super Screen x 100’ Rolls x 96""",Aluminum Distributors Int LLC,263.0,263,True,
156,"17/20 Super Screen x 100’ Rolls x 96""",Florida Sales & Marketing,253.7,253.7,True,
157,"17/20 Super Screen x 100’ Rolls x 108""",Lancing,382.93,382.93,True,
157,"17/20 Super Screen x 100’ Rolls x 108""",Aluminum Distributors Int LLC,294.47,294.47,True,
157,"17/20 Super Screen x 100’ Rolls x 108""",Florida Sales & Marketing,285.5,285.5,True,
158,"17/20 Super Screen x 100’ Rolls x 120""",Lancing,425.47,425.47,True,
158,"17/20 Super Screen x 100’ Rolls x 120""",JM Fasteners,40.0,40,True,
158,"17/20 Super Screen x 100’ Rolls x 120""",Aluminum Distributors Int LLC,325.48,325.48,True,
158,"17/20 Super Screen x 100’ Rolls x 120""",Florida Sales & Marketing,549.7,549.7,True,
159,"17/20 Super Screen x 100’ Rolls x 132""",Lancing,451.7,451.7,True,
159,"17/20 Super Screen x 100’ Rolls x 132""",Aluminum Distributors Int LLC,364.24,364.24,True,
159,"17/20 Super Screen x 100’ Rolls x 132""",Florida Sales & Marketing,704.0,704,True,
161,"17/20 Super Screen x 100’ Rolls x 156""",Lancing,602.05,602.05,True,
161,"17/20 Super Screen x 100’ Rolls x 156""",Florida Sales & Marketing,689.0,689,True,
162,"17/20 Super Screen x 100’ Rolls x 160""",Lancing,602.05,602.05,True,
162,"17/20 Super Screen x 100’ Rolls x 160""",JM Fasteners,571.9,571.9,True,
163,"16/14 Super Screen x 100’ Rolls x 36""",JM Fasteners,90.0,90,True,
164,"16/14 Super Screen x 100’ Rolls x 60""",EMS,180.0,180,True,
165,"16/14 Super Screen x 100’ Rolls x 72""",Lancing,203.31,203.31,True,
166,"16/14 Super Screen x 100’ Rolls x 84""",EMS,210.0,210,True,
166,"16/14 Super Screen x 100’ Rolls x 84""",Lancing,237.16,237.16,True,
166,"16/14 Super Screen x 100’ Rolls x 84""",JM Fasteners,210.0,210,True,
166,"16/14 Super Screen x 100’ Rolls x 84""",Aluminum Distributors Int LLC,171.42,171.42,True,
167,"16/14 Super Screen x 100’ Rolls x 96""",Lancing,271.04,271.04,True,
168,"16/14 Super Screen x 100’ Rolls x 108""",Lancing,304.92,304.92,True,
168,"16/14 Super Screen x 100’ Rolls x 108""",Aluminum Distributors Int LLC,218.93,218.93,True,
169,"16/14 Super Screen x 100’ Rolls x 120""",Lancing,362.8,362.8,True,
169,"16/14 Super Screen x 100’ Rolls x 120""",JM Fasteners,300.0,300,True,
169,"16/14 Super Screen x 100’ Rolls x 120""",Aluminum Distributors Int LLC,242.17,242.17,True,
170,"16/14 Super Screen x 100’ Rolls x 132""",EMS,330.0,330,True,
170,"16/14 Super Screen x 100’ Rolls x 132""",Aluminum Distributors Int LLC,271.24,271.24,True,
173,"16/14 Super Screen x 100’ Rolls x 160""",Lancing,483.63,483.63,True,
174,"Charcoal Sunscreen x 100’ Rolls x 72""",American Metals Supply,393.12,393.12,True,
175,"Charcoal Sunscreen x 100’ Rolls x 84""",American Metals Supply,458.64,458.64,True,
176,"Charcoal Sunscreen x 100’ Rolls x 96""",American Metals Supply,524.16,524.16,True,
177,"14/10 Pet Screen x 100’ Rolls x 36""",JM Fasteners,174.0,174,True,
177,"14/10 Pet Screen x 100’ Rolls x 36""",Florida Sales & Marketing,134.88,134.88,True,
177,"14/10 Pet Screen x 100’ Rolls x 36""",American Metals Supply,201.93,201.93,True,
178,"14/10 Pet Screen x 100’ Rolls x 48""",Florida Sales & Marketing,179.84,179.84,True,
178,"14/10 Pet Screen x 100’ Rolls x 48""",American Metals Supply,269.24,269.24,True,
179,"14/10 Pet Screen x 100’ Rolls x 72""",JM Fasteners,348.0,348,True,
179,"14/10 Pet Screen x 100’ Rolls x 72""",Florida Sales & Marketing,269.76,269.76,True,
180,"14/10 Pet Screen x 100’ Rolls x 84""",Florida Sales & Marketing,314.72,314.72,True,
181,"Florida Glass Screen 100’ Rolls x 36""",JM Fasteners,177.0,177,True,
181,"Florida Glass Screen 100’ Rolls x 36""",Florida Sales & Marketing,257.31,257.31,True,
181,"Florida Glass Screen 100’ Rolls x 36""",American Metals Supply,277.68,277.68,True,
182,"Florida Glass Screen 100’ Rolls x 72""",JM Fasteners,354.0,354,True,
182,"Florida Glass Screen 100’ Rolls x 72""",Florida Sales & Marketing,514.62,514.62,True,
182,"Florida Glass Screen 100’ Rolls x 72""",American Metals Supply,555.36,555.36,True,
183,Cable with Triangle Bracket  x 12’ (White/Bronze),EMS,19.44,19.44,True,
183,Cable with Triangle Bracket  x 12’ (White/Bronze),Lancing,22.03,22.03,True,
183,Cable with Triangle Bracket  x 12’ (White/Bronze),JM Fasteners,14.0,14,True,
183,Cable with Triangle Bracket  x 12’ (White/Bronze),Aluminum Distributors Int LLC,12.0,12,True,
183,Cable with Triangle Bracket  x 12’ (White/Bronze),Florida Sales & Marketing,15.85,15.85,True,
183,Cable with Triangle Bracket  x 12’ (White/Bronze),American Metals Supply,15.92,15.92,True,
184,Cable with Triangle Bracket  x 13’ (White/Bronze),EMS,21.06,21.06,True,
185,Cable with Triangle Bracket  x 14’ (White/Bronze),EMS,22.68,22.68,True,
185,Cable with Triangle Bracket  x 14’ (White/Bronze),Lancing,23.26,23.26,True,
185,Cable with Triangle Bracket  x 14’ (White/Bronze),JM Fasteners,15.0,15,True,
185,Cable with Triangle Bracket  x 14’ (White/Bronze),Aluminum Distributors Int LLC,12.45,12.45,True,
185,Cable with Triangle Bracket  x 14’ (White/Bronze),Florida Sales & Marketing,17.96,17.96,True,
185,Cable with Triangle Bracket  x 14’ (White/Bronze),American Metals Supply,18.58,18.58,True,
186,Cable with Triangle Bracket  x 15’ (White/Bronze),EMS,24.3,24.3,True,
187,Cable with Triangle Bracket  x 16’ (White/Bronze),EMS,25.92,25.92,True,
187,Cable with Triangle Bracket  x 16’ (White/Bronze),Lancing,24.57,24.57,True,
187,Cable with Triangle Bracket  x 16’ (White/Bronze),Aluminum Distributors Int LLC,12.95,12.95,True,
187,Cable with Triangle Bracket  x 16’ (White/Bronze),Florida Sales & Marketing,19.83,19.83,True,
187,Cable with Triangle Bracket  x 16’ (White/Bronze),American Metals Supply,21.25,21.25,True,
188,Cable with Triangle Bracket  x 18’ (White/Bronze),EMS,29.16,29.16,True,
188,Cable with Triangle Bracket  x 18’ (White/Bronze),Lancing,21.7,21.7,True,
188,Cable with Triangle Bracket  x 18’ (White/Bronze),JM Fasteners,16.5,16.5,True,
188,Cable with Triangle Bracket  x 18’ (White/Bronze),Aluminum Distributors Int LLC,13.5,13.5,True,
188,Cable with Triangle Bracket  x 18’ (White/Bronze),Florida Sales & Marketing,18.17,18.17,True,
188,Cable with Triangle Bracket  x 18’ (White/Bronze),American Metals Supply,23.92,23.92,True,
189,Cable with Triangle Bracket  x 20’ (White/Bronze),EMS,32.4,32.4,True,
189,Cable with Triangle Bracket  x 20’ (White/Bronze),JM Fasteners,20.5,20.5,True,
189,Cable with Triangle Bracket  x 20’ (White/Bronze),Aluminum Distributors Int LLC,14.5,14.5,True,
190,Cable with Triangle Bracket  x 22’ (White/Bronze),EMS,38.72,38.72,True,
191,Cable with Triangle Bracket  x 26’ (White/Bronze),EMS,38.72,38.72,True,
192,Triangle Brackets,Aluminum Distributors Int LLC,2.5,2.5,True,
192,Triangle Brackets,Florida Sales & Marketing,5.85,5.85,True,
193,Touch Up Paint (White/Bronze),EMS,14.81,14.81,True,
193,Touch Up Paint (White/Bronze),Lancing,13.83,13.83,True,
193,Touch Up Paint (White/Bronze),JM Fasteners,7.25,7.25,True,
193,Touch Up Paint (White/Bronze),Aluminum Distributors Int LLC,14.13,14.13,True,
193,Touch Up Paint (White/Bronze),Florida Sales & Marketing,10.0,10,True,
193,Touch Up Paint (White/Bronze),American Metals Supply,12.31,12.31,True,
194,1-1/2” x 2-1/8” Receiving Channel x 20’,Lancing,26.4,26.4,True,
194,1-1/2” x 2-1/8” Receiving Channel x 20’,Florida Sales & Marketing,42.2,42.2,True,
195,1-1/2” x 2-1/8” Receiving Channel x 24’,EMS,35.76,35.76,True,
195,1-1/2” x 2-1/8” Receiving Channel x 24’,Lancing,31.74,31.74,True,
195,1-1/2” x 2-1/8” Receiving Channel x 24’,Aluminum Distributors Int LLC,35.18,35.18,True,
195,1-1/2” x 2-1/8” Receiving Channel x 24’,Florida Sales & Marketing,24.85,24.85,True,
195,1-1/2” x 2-1/8” Receiving Channel x 24’,American Metals Supply,33.12,33.12,True,
196,Angle 3/4 x 3/4 x 1/16 20',EMS,12.0,12,True,
196,Angle 3/4 x 3/4 x 1/16 20',American Metals Supply,11.0,11,True,
197,Angle 1x1x .062 20',EMS,15.2,15.2,True,
197,Angle 1x1x .062 20',Aluminum Distributors Int LLC,13.13,13.13,True,
197,Angle 1x1x .062 20',Florida Sales & Marketing,16.0,16,True,
197,Angle 1x1x .062 20',American Metals Supply,14.8,14.8,True,
198,Angle 1x2x .062 20',EMS,23.0,23,True,
198,Angle 1x2x .062 20',Aluminum Distributors Int LLC,22.26,22.26,True,
198,Angle 1x2x .062 20',Florida Sales & Marketing,24.2,24.2,True,
198,Angle 1x2x .062 20',American Metals Supply,22.2,22.2,True,
199,Angle 1x3x .062 20',EMS,34.8,34.8,True,
199,Angle 1x3x .062 20',Florida Sales & Marketing,35.2,35.2,True,
199,Angle 1x3x .062 20',American Metals Supply,33.8,33.8,True,
200,Angle 2x2x .093 20',EMS,56.4,56.4,True,
200,Angle 2x2x .093 20',Lancing,45.53,45.53,True,
200,Angle 2x2x .093 20',Aluminum Distributors Int LLC,54.0,54,True,
200,Angle 2x2x .093 20',Florida Sales & Marketing,46.45,46.45,True,
200,Angle 2x2x .093 20',American Metals Supply,45.0,45,True,
201,Angle 2 X 2 X .094 X 20',EMS,43.0,43,True,
203,.125 Gusset Plate 12” x 144”,American Metals Supply,127.45,127.45,True,
204,.125 Gusset Plate 16” x 120”,EMS,198.7,198.7,True,
204,.125 Gusset Plate 16” x 120”,Lancing,148.26,148.26,True,
204,.125 Gusset Plate 16” x 120”,Florida Sales & Marketing,212.4,212.4,True,
205,.125 Gusset Plate 16” x 144”,American Metals Supply,169.72,169.72,True,
206,.190 Gusset Plate 16” x 144”,American Metals Supply,259.18,259.18,True,
207,.187 Gusset Plate 5052-H32 Mill Finish  16” x 120” ,Lancing,285.19,285.19,True,
207,.187 Gusset Plate 5052-H32 Mill Finish  16” x 120” ,Florida Sales & Marketing,194.21,194.21,True,
208,.187 Gusset Plate 5052-H32 Mill Finish  20” x 144’,EMS,267.12,267.12,True,
209,.187 Gusset Plate 5052-H32 Mill Finish  16” x 144’,EMS,219.0,219,True,
210,.024 x 16” Kick Plate Coil Rolls x 25' (White/Bronze),EMS,87.5,87.5,True,
210,.024 x 16” Kick Plate Coil Rolls x 25' (White/Bronze),Lancing,152.25,152.25,True,
210,.024 x 16” Kick Plate Coil Rolls x 25' (White/Bronze),JM Fasteners,66.25,66.25,True,
210,.024 x 16” Kick Plate Coil Rolls x 25' (White/Bronze),Florida Sales & Marketing,72.25,72.25,True,
210,.024 x 16” Kick Plate Coil Rolls x 25' (White/Bronze),American Metals Supply,88.25,88.25,True,
211,.024 x 16” Kick Plate Coil Rolls x 50' (White/Bronze),EMS,175.0,175,True,
211,.024 x 16” Kick Plate Coil Rolls x 50' (White/Bronze),Lancing,304.5,304.5,True,
211,.024 x 16” Kick Plate Coil Rolls x 50' (White/Bronze),Florida Sales & Marketing,150.5,150.5,True,
211,.024 x 16” Kick Plate Coil Rolls x 50' (White/Bronze),American Metals Supply,176.5,176.5,True,
212,.024 x 16” Kick Plate Coil Rolls (White/Bronze),EMS,3.5,"3,5",True,
212,.024 x 16” Kick Plate Coil Rolls (White/Bronze),Lancing,6.09,"6,09",True,
212,.024 x 16” Kick Plate Coil Rolls (White/Bronze),Florida Sales & Marketing,3.01,"3,01",True,
212,.024 x 16” Kick Plate Coil Rolls (White/Bronze),American Metals Supply,3.53,"3,53",True,
213,.024 x 24” Kick Plate Coil Rolls x 25' (White/Bronze),EMS,125.0,125,True,
213,.024 x 24” Kick Plate Coil Rolls x 25' (White/Bronze),Lancing,142.5,142.5,True,
213,.024 x 24” Kick Plate Coil Rolls x 25' (White/Bronze),JM Fasteners,87.5,87.5,True,
213,.024 x 24” Kick Plate Coil Rolls x 25' (White/Bronze),Florida Sales & Marketing,108.0,108,True,
213,.024 x 24” Kick Plate Coil Rolls x 25' (White/Bronze),American Metals Supply,134.75,134.75,True,
214,.024 x 24” Kick Plate Coil Rolls x 50' (White/Bronze),EMS,250.0,250,True,
214,.024 x 24” Kick Plate Coil Rolls x 50' (White/Bronze),Lancing,285.0,285,True,
214,.024 x 24” Kick Plate Coil Rolls x 50' (White/Bronze),Florida Sales & Marketing,216.0,216,True,
214,.024 x 24” Kick Plate Coil Rolls x 50' (White/Bronze),American Metals Supply,269.5,269.5,True,
215,.024 x 24” Kick Plate Coil Rolls (White/Bronze),EMS,5.0,5,True,
215,.024 x 24” Kick Plate Coil Rolls (White/Bronze),Lancing,6.44,6.44,True,
215,.024 x 24” Kick Plate Coil Rolls (White/Bronze),Florida Sales & Marketing,4.32,4.32,True,
215,.024 x 24” Kick Plate Coil Rolls (White/Bronze),American Metals Supply,5.39,5.39,True,
216,.024 x 36” Kick Plate Coil Rolls x 25' (White/Bronze),EMS,212.5,212.5,True,
216,.024 x 36” Kick Plate Coil Rolls x 25' (White/Bronze),Lancing,161.0,161,True,
216,.024 x 36” Kick Plate Coil Rolls x 25' (White/Bronze),JM Fasteners,137.5,137.5,True,
216,.024 x 36” Kick Plate Coil Rolls x 25' (White/Bronze),Florida Sales & Marketing,168.75,168.75,True,
217,.024 x 36” Kick Plate Coil Rolls x 50' (White/Bronze),EMS,426.0,426,True,
217,.024 x 36” Kick Plate Coil Rolls x 50' (White/Bronze),Lancing,322.0,322,True,
217,.024 x 36” Kick Plate Coil Rolls x 50' (White/Bronze),Florida Sales & Marketing,337.5,337.5,True,
218,.024 x 36” Kick Plate Coil Rolls (White/Bronze),EMS,8.5,8.5,True,
218,.024 x 36” Kick Plate Coil Rolls (White/Bronze),Lancing,6.44,6.44,True,
218,.024 x 36” Kick Plate Coil Rolls (White/Bronze),Florida Sales & Marketing,6.75,6.75,True,
219,Extruded Kick Plate Channel x 12’ (White/Bronze),EMS,9.0,9,True,
219,Extruded Kick Plate Channel x 12’ (White/Bronze),Lancing,10.51,10.51,True,
219,Extruded Kick Plate Channel x 12’ (White/Bronze),Florida Sales & Marketing,6.24,6.24,True,
221,4” x 33’ Peel and Seal (White/Bronze),JM Fasteners,21.0,21,True,
224,"INTERNAL 4"" POST BRACKET",Florida Sales & Marketing,7.2,7.2,True,
224,"INTERNAL 4"" POST BRACKET",American Metals Supply,7.29,7.29,True,
225,"INTERNAL 4"" POST BRKT <SPL-GRV>",Florida Sales & Marketing,7.9,7.9,True,
225,"INTERNAL 4"" POST BRKT <SPL-GRV>",American Metals Supply,8.85,8.85,True,
226,"INTERNAL 6"" POST BRKT <SPL-GRV>",Florida Sales & Marketing,16.65,16.65,True,
226,"INTERNAL 6"" POST BRKT <SPL-GRV>",American Metals Supply,16.67,16.67,True,
227,3” Insert with 2” Legs,Florida Sales & Marketing,5.15,5.15,True,
227,3” Insert with 2” Legs,American Metals Supply,5.21,5.21,True,
228,5” Insert with 2.75” Legs 6061-T6 (with holes),EMS,13.74,13.74,True,
228,5” Insert with 2.75” Legs 6061-T6 (with holes),Florida Sales & Marketing,16.95,16.95,True,
228,5” Insert with 2.75” Legs 6061-T6 (with holes),American Metals Supply,30.5,30.5,True,
229,6IN ULTRASCAPE NO EAR,Lancing,8.79,8.79,True,
232,3”x.024 - 1lb Foam 9-24 ft,EMS,7.0,7,True,
233,3”x.024 - 2lb Foam 9-24 ft,EMS,8.75,8.75,True,
261,3x.024 Elite Panel Lock 4'x8' till 16' White,Lancing,7.22,7.22,True,
261,3x.024 Elite Panel Lock 4'x8' till 16' White,American Metals Supply,7.47,7.47,True,
262,3x.024 Elite Panel Lock 4'x8' till 16' White with F/B,Lancing,8.48,8.48,True,
262,3x.024 Elite Panel Lock 4'x8' till 16' White with F/B,American Metals Supply,9.41,9.41,True,
263,3x.024 Elite Panel Lock 2'x8' till 16' White,American Metals Supply,7.6,7.6,True,
265,"12 x 3/4"" Bronze/White Stainless steel",EMS,15.0,15,True,
265,"12 x 3/4"" Bronze/White Stainless steel",Lancing,16.48,16.48,True,
265,"12 x 3/4"" Bronze/White Stainless steel",JM Fasteners,9.5,9.5,True,
265,"12 x 3/4"" Bronze/White Stainless steel",Aluminum Distributors Int LLC,11.0,11,True,
265,"12 x 3/4"" Bronze/White Stainless steel",Florida Sales & Marketing,14.27,14.27,True,
266,"12 x 3/4"" Bronze/White Galvanized",JM Fasteners,4.95,4.95,True,
266,"12 x 3/4"" Bronze/White Galvanized",Aluminum Distributors Int LLC,4.0,4,True,
266,"12 x 3/4"" Bronze/White Galvanized",Florida Sales & Marketing,5.03,5.03,True,
267,"12 X 3/4"" SELF DRILLINGS SCREW",EMS,9.0,9,True,
268,"10 x 3/4"" Bronze/White Stainless steel",EMS,10.5,10.5,True,
268,"10 x 3/4"" Bronze/White Stainless steel",Lancing,9.88,9.88,True,
268,"10 x 3/4"" Bronze/White Stainless steel",JM Fasteners,6.25,6.25,True,
268,"10 x 3/4"" Bronze/White Stainless steel",Aluminum Distributors Int LLC,8.0,8,True,
268,"10 x 3/4"" Bronze/White Stainless steel",Florida Sales & Marketing,9.88,9.88,True,
269,"10 x 3/4"" Bronze/White Galvanized",JM Fasteners,3.95,3.95,True,
269,"10 x 3/4"" Bronze/White Galvanized",Aluminum Distributors Int LLC,2.0,2,True,
269,"10 x 3/4"" Bronze/White Galvanized",Florida Sales & Marketing,3.75,3.75,True,
270,10 X 3/4 TEK WHT CERAMIC,EMS,0.055,0.055,True,
271,"10 x 2"" Bronze/White Stainless steel",EMS,18.0,18,True,
271,"10 x 2"" Bronze/White Stainless steel",JM Fasteners,9.5,9.5,True,
271,"10 x 2"" Bronze/White Stainless steel",Aluminum Distributors Int LLC,11.2,11.2,True,
271,"10 x 2"" Bronze/White Stainless steel",Florida Sales & Marketing,14.0,14,True,
272,"10 x 2"" Bronze/White Galvanized",JM Fasteners,5.95,5.95,True,
272,"10 x 2"" Bronze/White Galvanized",Aluminum Distributors Int LLC,4.0,4,True,
272,"10 x 2"" Bronze/White Galvanized",Florida Sales & Marketing,6.53,6.53,True,
273,"10 X 2"" SHEET METAL SCREW WHIT",EMS,9.5,9.5,True,
274,"14 x 1"" Bronze/White Stainless steel",EMS,30.0,30,True,
274,"14 x 1"" Bronze/White Stainless steel",Aluminum Distributors Int LLC,16.0,16,True,
274,"14 x 1"" Bronze/White Stainless steel",Florida Sales & Marketing,20.72,20.72,True,
275,"14 x 1"" Bronze/White Galvanized",Aluminum Distributors Int LLC,4.0,4,True,
276,"14 x 2"" Bronze/White Stainless steel",EMS,63.0,63,True,
276,"14 x 2"" Bronze/White Stainless steel",Lancing,32.92,32.92,True,
276,"14 x 2"" Bronze/White Stainless steel",JM Fasteners,23.5,23.5,True,
276,"14 x 2"" Bronze/White Stainless steel",Aluminum Distributors Int LLC,23.0,23,True,
276,"14 x 2"" Bronze/White Stainless steel",Florida Sales & Marketing,33.82,33.82,True,
277,"14 x 2"" Bronze/White Galvanized",JM Fasteners,15.0,15,True,
277,"14 x 2"" Bronze/White Galvanized",Aluminum Distributors Int LLC,7.0,7,True,
278,"14 x 3"" Bronze/White Stainless steel",Lancing,42.33,42.33,True,
278,"14 x 3"" Bronze/White Stainless steel",JM Fasteners,33.0,33,True,
278,"14 x 3"" Bronze/White Stainless steel",Aluminum Distributors Int LLC,42.0,42,True,
278,"14 x 3"" Bronze/White Stainless steel",Florida Sales & Marketing,51.37,51.37,True,
279,"14 x 3"" Bronze/White Galvanized",JM Fasteners,18.95,18.95,True,
279,"14 x 3"" Bronze/White Galvanized",Aluminum Distributors Int LLC,6.0,6,True,
279,"14 x 3"" Bronze/White Galvanized",Florida Sales & Marketing,22.25,22.25,True,
280,"1/4 X 2"" SELF DRILLING SCREWS",EMS,21.0,21,True,
281,"1/4 X 3"" SELF DRILLING SCREWS",EMS,21.0,21,True,
282,"Anchor 1/4x3"" Bronze/White Stainless steel",EMS,82.5,82.5,True,
282,"Anchor 1/4x3"" Bronze/White Stainless steel",JM Fasteners,33.5,33.5,True,
282,"Anchor 1/4x3"" Bronze/White Stainless steel",Aluminum Distributors Int LLC,35.0,35,True,
283,"Anchor 1/4x3"" Bronze/White Galvanized",JM Fasteners,18.95,18.95,True,
283,"Anchor 1/4x3"" Bronze/White Galvanized",Aluminum Distributors Int LLC,10.0,10,True,
283,"Anchor 1/4x3"" Bronze/White Galvanized",Florida Sales & Marketing,22.67,22.67,True,
284,"1/4"" X 3-1/4"" MAXISET TAPCON W",EMS,30.0,30,True,
285,"Anchor 1/4x4"" Bronze/White Stainless steel",EMS,71.25,71.25,True,
285,"Anchor 1/4x4"" Bronze/White Stainless steel",Aluminum Distributors Int LLC,50.0,50,True,
286,"Anchor 1/4x4"" Bronze/White Galvanized",Aluminum Distributors Int LLC,13.0,13,True,
286,"Anchor 1/4x4"" Bronze/White Galvanized",Florida Sales & Marketing,25.87,25.87,True,
287,"1/4"" X 5"" MAXISET TAPCON WHITE",EMS,40.0,40,True,
288,"Anchor 1/4x5"" Bronze/White Stainless steel",EMS,142.5,142.5,True,
288,"Anchor 1/4x5"" Bronze/White Stainless steel",Lancing,140.84,140.84,True,
288,"Anchor 1/4x5"" Bronze/White Stainless steel",Aluminum Distributors Int LLC,58.0,58,True,
289,"Anchor 1/4x5"" Bronze/White Galvanized",Aluminum Distributors Int LLC,16.0,16,True,
289,"Anchor 1/4x5"" Bronze/White Galvanized",Florida Sales & Marketing,32.27,32.27,True,
290,"Anchor 3/8x5"" Bronze/White Stainless steel",EMS,300.0,300,True,
290,"Anchor 3/8x5"" Bronze/White Stainless steel",Lancing,56.79,56.79,True,
290,"Anchor 3/8x5"" Bronze/White Stainless steel",JM Fasteners,175.0,175,True,
290,"Anchor 3/8x5"" Bronze/White Stainless steel",Aluminum Distributors Int LLC,125.0,125,True,
290,"Anchor 3/8x5"" Bronze/White Stainless steel",Florida Sales & Marketing,214.1,214.1,True,
291,"Anchor 3/8x5"" Bronze/White Galvanized",JM Fasteners,75.0,75,True,
291,"Anchor 3/8x5"" Bronze/White Galvanized",Aluminum Distributors Int LLC,75.0,75,True,
291,"Anchor 3/8x5"" Bronze/White Galvanized",Florida Sales & Marketing,106.17,106.17,True,
271,"10 x 2"" Bronze/White Stainless steel",Lancing,14.83,"14,.83",True,"manually confirmed by user 2026-08-18: original was 14,.83 (double separator typo), confirmed as 14.83"
